예술의전당 CJ 토월극장,뮤지컬 <햄릿:얼라이브>,대관,2017-11-23,2018-01-28,52474
예술의전당 한가람디자인미술관,알베르토 자코메티 한국특별전,대관,2017-12-21,2018-04-15,96020
예술의전당 자유소극장,연극 <발렌타인 데이>,기획,2017-12-23,2018-01-14,2773
예술의전당 IBK챔버홀,김선민 피아노 독주회,대관,2018-01-02,2018-01-02,174
예술의전당 리사이틀홀,이민정 피아노 리사이틀,대관,2018-01-02,2018-01-02,308
예술의전당 콘서트홀,The Voice of DUO 듀오 콘서트 신년음악회,대관,2018-01-02,2018-01-02,848
예술의전당 리사이틀홀,강희윤 귀국 첼로 독주회,대관,2018-01-03,2018-01-03,260
예술의전당 콘서트홀,2018년 새해인사 나눔음악회,대관,2018-01-03,2018-01-03,1391
예술의전당 IBK챔버홀,전후국 바이올린 독주회,대관,2018-01-04,2018-01-04,265
예술의전당 리사이틀홀,이주은 피아노 독주회,대관,2018-01-04,2018-01-04,126
예술의전당 IBK챔버홀,빈 앙상블 제2회 정기연주회,대관,2018-01-05,2018-01-05,254
예술의전당 리사이틀홀,소프라노 윤예지 귀국 독창회,대관,2018-01-05,2018-01-05,310
예술의전당 IBK챔버홀,김덕우 바이올린 리사이틀,대관,2018-01-06,2018-01-06,393
예술의전당 IBK챔버홀,이럴때 이런음악 15주년 기념 스페셜 에피소드,대관,2018-01-06,2018-01-06,499
예술의전당 리사이틀홀,강호선 바이올린 독주회,대관,2018-01-06,2018-01-06,326
예술의전당 리사이틀홀,이지은초청피아노독주회 FRANZISKA LEE  Piano  Recital,대관,2018-01-06,2018-01-06,298
예술의전당 IBK챔버홀,Trio Leporem,대관,2018-01-07,2018-01-07,179
예술의전당 IBK챔버홀,엘랑 목관오중주 제2회 정기연주회,대관,2018-01-07,2018-01-07,317
예술의전당 리사이틀홀,김영신 피아노 독주회,대관,2018-01-07,2018-01-07,86
예술의전당 리사이틀홀,변현조 클라리넷 독주회,대관,2018-01-07,2018-01-07,110
예술의전당 콘서트홀,서울시향 2018 신년음악회,대관,2018-01-07,2018-01-07,2308
예술의전당 IBK챔버홀,KCO 트로이카콘서트 시리즈 17,대관,2018-01-09,2018-01-09,501
예술의전당 리사이틀홀,유미향 귀국 피아노 독주회,대관,2018-01-09,2018-01-09,207
예술의전당 콘서트홀,2018 신년음악회,기획,2018-01-09,2018-01-09,1916
예술의전당 IBK챔버홀,테너 박성원 교수 제자 음악회,대관,2018-01-10,2018-01-10,175
예술의전당 리사이틀홀,이정란 첼로 리사이틀,대관,2018-01-10,2018-01-10,225
예술의전당 오페라극장,뮤지컬 안나 카레니나,대관,2018-01-10,2018-02-25,67821
예술의전당 콘서트홀,조성진 피아노 리사이틀 (1.10),대관,2018-01-10,2018-01-10,2404
예술의전당 IBK챔버홀,조이오브스트링스 신년음악회 <두드림>,대관,2018-01-11,2018-01-11,380
예술의전당 리사이틀홀,2018 음악춘추 우수신인데뷔연주회,대관,2018-01-11,2018-01-11,285
예술의전당 콘서트홀,조성진 피아노 리사이틀 (1.11),대관,2018-01-11,2018-01-11,2510
예술의전당 콘서트홀,한화생명과 함께하는 예술의전당 11시콘서트(1월),기획,2018-01-11,2018-01-11,1766
예술의전당 한가람미술관,구혜선 개인전 <미스터리 핑크>,대관,2018-01-11,2018-02-05,18974
예술의전당 자유소극장,옹알스,대관,2018-01-16,2018-02-04,3325
예술의전당 IBK챔버홀,제8회 아니마 체임버 정기연주회,대관,2018-01-25,2018-01-25,289
예술의전당 리사이틀홀,홍수연 클라리넷 독주회,대관,2018-01-25,2018-01-25,276
예술의전당 콘서트홀,KBS교향악단 제726회 정기연주회,대관,2018-01-25,2018-01-25,1300
예술의전당 IBK챔버홀,이 베아띠 제 18회 정기연주회,대관,2018-01-26,2018-01-26,250
예술의전당 리사이틀홀,조윤경 피아노 독주회,대관,2018-01-26,2018-01-26,118
예술의전당 콘서트홀,제9회 ARKO한국창작음악제,대관,2018-01-26,2018-01-26,1476
예술의전당 IBK챔버홀,겨울 세레나데,대관,2018-01-27,2018-01-27,505
예술의전당 IBK챔버홀,오윤주 피아노 독주회,대관,2018-01-27,2018-01-27,268
예술의전당 리사이틀홀,조주현 피아노 독주회,대관,2018-01-27,2018-01-27,108
예술의전당 리사이틀홀,윤정은 귀국 피아노 독주회,대관,2018-01-27,2018-01-27,265
예술의전당 콘서트홀,빈 소년 합창단 신년음악회 (27일),대관,2018-01-27,2018-01-27,1428
예술의전당 IBK챔버홀,첼로프로젝트 제6회 정기연주회,대관,2018-01-28,2018-01-28,305
예술의전당 IBK챔버홀,미루스 트리오 콘서트 시리즈 Ⅱ,대관,2018-01-28,2018-01-28,220
예술의전당 리사이틀홀,김태경 플루트 독주회,대관,2018-01-28,2018-01-28,272
예술의전당 리사이틀홀,윤은경 귀국 피아노 독주회,대관,2018-01-28,2018-01-28,261
예술의전당 콘서트홀,빈 소년 합창단 신년음악회 (28일),대관,2018-01-28,2018-01-28,1868
예술의전당 IBK챔버홀,에제르 챔버 오케스트라 제2회 정기연주회,대관,2018-01-30,2018-01-30,379
예술의전당 리사이틀홀,김소연 귀국 플루트 독주회,대관,2018-01-30,2018-01-30,326
예술의전당 콘서트홀,2018평창겨울음악제-Chamber Music and Dance Gala,기획,2018-01-30,2018-01-30,2096
예술의전당 IBK챔버홀,2018 문화가 있는 날 SAC 아티스트 라운지(1월),기획,2018-01-31,2018-01-31,527
예술의전당 리사이틀홀,이양경 피아노 독주회,대관,2018-01-31,2018-01-31,98
예술의전당 콘서트홀,2018평창겨울음악제-Opera Gala Concert,기획,2018-01-31,2018-01-31,1476
예술의전당 IBK챔버홀,클래식 기타리스트 배장흠 독주회,대관,2018-02-01,2018-02-01,228
예술의전당 리사이틀홀,박재린 바이올린 독주회,대관,2018-02-01,2018-02-01,225
예술의전당 콘서트홀,서울시향 2018 베토벤 피아노 협주곡 황제,대관,2018-02-01,2018-02-01,2321
예술의전당 IBK챔버홀,뷔에르 앙상블 제3회 정기연주회,대관,2018-02-02,2018-02-02,279
예술의전당 리사이틀홀,이지행 귀국 첼로 독주회,대관,2018-02-02,2018-02-02,278
예술의전당 IBK챔버홀,앙상블 에스프리 콘서트,대관,2018-02-03,2018-02-03,424
예술의전당 IBK챔버홀,플루트 앙상블 아디나 제7회 정기연주회,대관,2018-02-03,2018-02-03,405
예술의전당 리사이틀홀,임재성 첼로 독주회,대관,2018-02-03,2018-02-03,181
예술의전당 리사이틀홀,김예슬 귀국 피아노 독주회,대관,2018-02-03,2018-02-03,247
예술의전당 콘서트홀,러브레터 - 이와이 슈운지 시네마 콘서트,대관,2018-02-03,2018-02-03,1655
예술의전당 IBK챔버홀,제9회 콘체르티노 앙상블 정기연주회,대관,2018-02-04,2018-02-04,161
예술의전당 IBK챔버홀,에뜨왈 스트링 콰르텟 제2회 정기연주회,대관,2018-02-04,2018-02-04,248
예술의전당 리사이틀홀,차민정 비올라 독주회,대관,2018-02-04,2018-02-04,325
예술의전당 리사이틀홀,박상현 귀국 콘트라베이스 독주회,대관,2018-02-04,2018-02-04,331
예술의전당 콘서트홀,2018 KCO 신년음악회 - 제159회 정기연주회,대관,2018-02-04,2018-02-04,1265
예술의전당 CJ 토월극장,연극 <리차드 3세>,대관,2018-02-06,2018-03-04,23620
예술의전당 IBK챔버홀,피아모레 제2회 정기연주회,대관,2018-02-06,2018-02-06,162
예술의전당 리사이틀홀,나재령 플루트 독주회,대관,2018-02-06,2018-02-06,146
예술의전당 IBK챔버홀,윤여훈 첼로 독주회,대관,2018-02-07,2018-02-07,425
예술의전당 리사이틀홀,김진희 귀국 피아노 독주회,대관,2018-02-07,2018-02-07,161
예술의전당 자유소극장,가족발레극 [댄싱 뮤지엄],대관,2018-02-07,2018-02-11,1193
예술의전당 콘서트홀,<제 4회 예술의전당 예술대상> 시상식,기획,2018-02-07,2018-02-07,678
예술의전당 한가람미술관,서울 뷰티인그레이스 글로벌 아트페어,대관,2018-02-07,2018-02-13,4808
예술의전당 IBK챔버홀,KCO 첼로 앙상블 제5회 정기연주회,대관,2018-02-08,2018-02-08,320
예술의전당 리사이틀홀,안신영 바이올린 독주회,대관,2018-02-08,2018-02-08,75
예술의전당 콘서트홀,2018 크로스오버심포니오케스트라 신년음악회,대관,2018-02-08,2018-02-08,882
예술의전당 콘서트홀,한화생명과 함께하는 예술의전당 11시콘서트(2월),기획,2018-02-08,2018-02-08,1594
예술의전당 IBK챔버홀,최현아 귀국 피아노 독주회,대관,2018-02-09,2018-02-09,215
예술의전당 리사이틀홀,유효정 첼로 귀국 독주회,대관,2018-02-09,2018-02-09,210
예술의전당 서울서예박물관,동아시아 필묵의 힘 - 2018년 평창올림픽&패럴림픽 기념 한중일 서예 거장전,기획,2018-02-09,2018-04-01,5540
예술의전당 IBK챔버홀,이석중 바이올린 독주회,대관,2018-02-10,2018-02-10,93
예술의전당 IBK챔버홀,국립합창단 제171회 정기연주회 창작합창의 밤,대관,2018-02-10,2018-02-10,456
예술의전당 리사이틀홀,김연정 바이올린 독주회,대관,2018-02-10,2018-02-10,138
예술의전당 IBK챔버홀,V9 제2회 정기연주회,대관,2018-02-11,2018-02-11,284
예술의전당 IBK챔버홀,앙상블 화[和] 콘서트,대관,2018-02-11,2018-02-11,298
예술의전당 리사이틀홀,문수형 바이올린 독주회,대관,2018-02-11,2018-02-11,156
예술의전당 리사이틀홀,예진초청 Karl-Heinz Schutz 플루트 독주회,대관,2018-02-11,2018-02-11,177
예술의전당 콘서트홀,제22회 유나이티드 필하모닉 오케스트라와 함께하는 가족음악회,대관,2018-02-11,2018-02-11,1984
예술의전당 IBK챔버홀,서울챔버앙상블 제66회 정기연주회,대관,2018-02-13,2018-02-13,265
예술의전당 리사이틀홀,박준태 귀국 바순 독주회,대관,2018-02-13,2018-02-13,184
예술의전당 자유소극장,옹알스 앵콜,대관,2018-02-13,2018-02-23,1548
예술의전당 콘서트홀,예술의전당 개관30주년 기념 음악회 - 사라 장과 17인의 비르투오지,기획,2018-02-13,2018-02-13,2393
예술의전당 한가람미술관,"이동협展 ""이씨산수11.서울2""",대관,2018-02-17,2018-02-27,6350
예술의전당 IBK챔버홀,피아니스트 주희성 베토벤 함머클라비어: 첫 음반 발매 리사이틀,대관,2018-02-20,2018-02-20,360
예술의전당 리사이틀홀,장하얀 첼로 독주회,대관,2018-02-20,2018-02-20,209
예술의전당 콘서트홀,골든오페라 갈라 콘서트,대관,2018-02-20,2018-02-20,1518
예술의전당 IBK챔버홀,진은준 트럼펫 독주회,대관,2018-02-21,2018-02-21,347
예술의전당 리사이틀홀,최정주 첼로 독주회,대관,2018-02-21,2018-02-21,241
예술의전당 콘서트홀,곤지암 플루트 페스티벌 2018,대관,2018-02-21,2018-02-21,885
예술의전당 IBK챔버홀,바리톤 성승욱 리사이틀,대관,2018-02-22,2018-02-22,313
예술의전당 리사이틀홀,박지선 바이올린 독주회,대관,2018-02-22,2018-02-22,187
예술의전당 콘서트홀,정치용 예술감독 취임 기념 음악회-코리안심포니오케스트라 제205회 정기연주회,대관,2018-02-22,2018-02-22,1173
예술의전당 IBK챔버홀,팬아시아필하모니아 제5회 정기연주회 -모차르트 시리즈1,대관,2018-02-23,2018-02-23,259
예술의전당 리사이틀홀,Mystery Baroque : 하프시코드  미지의세계를그리다 - 이은지 하프시코드 독주회,대관,2018-02-23,2018-02-23,213
예술의전당 콘서트홀,KBS교향악단 제727회 정기연주회,대관,2018-02-23,2018-02-23,1338
예술의전당 IBK챔버홀,제5회 실내악스케치,대관,2018-02-24,2018-02-24,350
예술의전당 IBK챔버홀,얀 리치에츠키 피아노 리사이틀,대관,2018-02-24,2018-02-24,521
예술의전당 리사이틀홀,김영미 플루트 독주회,대관,2018-02-24,2018-02-24,142
예술의전당 리사이틀홀,우영욱 플루트 독주회,대관,2018-02-24,2018-02-24,90
예술의전당 콘서트홀,지용 ‘I AM NOT THE SAME’,대관,2018-02-24,2018-02-24,1674
예술의전당 IBK챔버홀,지음지기 브라스 콰이어 다섯 번째 이야기,대관,2018-02-25,2018-02-25,291
예술의전당 IBK챔버홀,"제20회 아티너스 정기연주회 우리 함께 춤을, again",대관,2018-02-25,2018-02-25,458
예술의전당 리사이틀홀,Beethoven 32 Piano Sonatas + α Series 5,대관,2018-02-25,2018-02-25,261
예술의전당 콘서트홀,함신익과 심포니 송 마스터즈 시리즈,대관,2018-02-25,2018-02-25,1559
예술의전당 IBK챔버홀,유럽의 거장들과 함께하는 실내악의 밤 Aimez-vous Brahms..?,대관,2018-02-27,2018-02-27,217
예술의전당 리사이틀홀,김예현 오보에 독주회,대관,2018-02-27,2018-02-27,157
예술의전당 IBK챔버홀,2018 문화가 있는 날 SAC 아티스트 라운지(2월),기획,2018-02-28,2018-02-28,504
예술의전당 리사이틀홀,황소진 첼로 독주회,대관,2018-02-28,2018-02-28,170
예술의전당 자유소극장,신창극시리즈1-소녀가,대관,2018-02-28,2018-03-04,1044
예술의전당 IBK챔버홀,나윤주 첼로 독주회,대관,2018-03-01,2018-03-01,285
예술의전당 리사이틀홀,홍성은 첼로 독주회,대관,2018-03-01,2018-03-01,308
예술의전당 IBK챔버홀,오케스트라 앙상블 서울 OES의 쇤베르크 정화된 밤,대관,2018-03-02,2018-03-02,232
예술의전당 리사이틀홀,김지은 귀국 튜바 독주회,대관,2018-03-02,2018-03-02,115
예술의전당 오페라극장,유니버설발레단 스페셜 갈라,대관,2018-03-02,2018-03-04,4428
예술의전당 콘서트홀,평화콘서트,대관,2018-03-02,2018-03-02,1549
예술의전당 한가람미술관,2018 한국미술응원프로젝트展,대관,2018-03-02,2018-03-09,5519
예술의전당 IBK챔버홀,아르끼뮤직소사이어티 2018 정기연주회,대관,2018-03-03,2018-03-03,229
예술의전당 IBK챔버홀,코리안 피스 오케스트라 제4회 정기연주회,대관,2018-03-03,2018-03-03,212
예술의전당 리사이틀홀,곽나영 오보에 독주회,대관,2018-03-03,2018-03-03,168
예술의전당 리사이틀홀,박수정 귀국 피아노 독주회,대관,2018-03-03,2018-03-03,220
예술의전당 콘서트홀,"WE콘서트, 음악으로 하나되는 우리",대관,2018-03-03,2018-03-03,1367
예술의전당 IBK챔버홀,김현미 바이올린 독주회,대관,2018-03-04,2018-03-04,397
예술의전당 IBK챔버홀,피아니스트 김 준 리사이틀,대관,2018-03-04,2018-03-04,267
예술의전당 리사이틀홀,김민조 클라리넷 독주회,대관,2018-03-04,2018-03-04,220
예술의전당 리사이틀홀,오현진 귀국 바이올린 독주회,대관,2018-03-04,2018-03-04,260
예술의전당 콘서트홀,베토벤 장엄미사ㅣ제69회 서울오라토리오 정기연주회 위대한 유산 시리즈 11,대관,2018-03-04,2018-03-04,2238
예술의전당 IBK챔버홀,서울시향 2018 실내악 시리즈 I,대관,2018-03-06,2018-03-06,557
예술의전당 리사이틀홀,이준성 피아노 독주회,대관,2018-03-06,2018-03-06,129
예술의전당 콘서트홀,코리안팝스오케스트라 The Movie Night,대관,2018-03-06,2018-03-06,1734
예술의전당 IBK챔버홀,나정혜 피아노 독주회,대관,2018-03-07,2018-03-07,358
예술의전당 리사이틀홀,2018 대한민국실내악작곡제전 I,대관,2018-03-07,2018-03-07,133
예술의전당 콘서트홀,임동혁 피아노 리사이틀,대관,2018-03-07,2018-03-07,1672
예술의전당 IBK챔버홀,The Felix Trio - 시대의 소음 - [Shostakovich],대관,2018-03-08,2018-03-08,280
예술의전당 리사이틀홀,이동일 첼로 독주회,대관,2018-03-08,2018-03-08,193
예술의전당 콘서트홀,제5회 헤럴드필하모닉 오케스트라 정기연주회,대관,2018-03-08,2018-03-08,1669
예술의전당 콘서트홀,한화생명과 함께하는 예술의전당 11시콘서트(3월),기획,2018-03-08,2018-03-08,1592
예술의전당 IBK챔버홀,김성훈 피아노 독주회-브람스 전곡 시리즈4,대관,2018-03-09,2018-03-09,243
예술의전당 리사이틀홀,백희진 첼로 독주회,대관,2018-03-09,2018-03-09,201
예술의전당 콘서트홀,100년전통 잘츠부르그 오케스트라 솔리스텐 신춘음악회,대관,2018-03-09,2018-03-09,978
예술의전당 IBK챔버홀,라임오페라앙상블 정기연주회,대관,2018-03-10,2018-03-10,461
예술의전당 IBK챔버홀,2018 코리안심포니오케스트라 실내악 시리즈,대관,2018-03-10,2018-03-10,413
예술의전당 리사이틀홀,황대진 비올라 독주회,대관,2018-03-10,2018-03-10,121
예술의전당 리사이틀홀,이영은 귀국 첼로 독주회,대관,2018-03-10,2018-03-10,217
예술의전당 콘서트홀,서울시향 2018 올해의 음악가 이안 보스트리지①,대관,2018-03-10,2018-03-10,1328
예술의전당 IBK챔버홀,화이트데이 콘서트,대관,2018-03-11,2018-03-11,342
예술의전당 IBK챔버홀,해피버스데이 피아졸라,대관,2018-03-11,2018-03-11,565
예술의전당 리사이틀홀,김홍준 바이올린 독주회,대관,2018-03-11,2018-03-11,216
예술의전당 리사이틀홀,박미희 바이올린 독주회,대관,2018-03-11,2018-03-11,76
예술의전당 콘서트홀,서울시향 2018 올해의 음악가 이안 보스트리지②,대관,2018-03-11,2018-03-11,1180
예술의전당 한가람미술관,2018 제10회 예술의전당 작가스튜디오展,기획,2018-03-11,2018-03-21,6065
예술의전당 IBK챔버홀,바흐솔리스텐서울 마스터피스시리즈 VII,대관,2018-03-13,2018-03-13,447
예술의전당 콘서트홀,2018 세아이운형문화재단 음악회_세상을 아름답게 하는 오페라 버킷,대관,2018-03-13,2018-03-13,1453
예술의전당 IBK챔버홀,2018 앙상블 모인 정기연주회,대관,2018-03-14,2018-03-14,298
예술의전당 리사이틀홀,LG와 함께하는 제14회 서울국제음악콩쿠르(1차예선),대관,2018-03-14,2018-03-14,39
예술의전당 콘서트홀,한국 오페라 70주년 기념음악회,대관,2018-03-14,2018-03-14,1489
예술의전당 IBK챔버홀,바리톤 나건용 독창회,대관,2018-03-15,2018-03-15,410
예술의전당 리사이틀홀,LG와 함께하는 제14회 서울국제음악콩쿠르(1차예선),대관,2018-03-15,2018-03-15,30
예술의전당 콘서트홀,제10회 솔리스트 브라스 밴드 정기연주회,대관,2018-03-15,2018-03-15,1357
예술의전당 IBK챔버홀,"한상일, 이우일  젠틀듀오 리사이틀",대관,2018-03-16,2018-03-16,222
예술의전당 리사이틀홀,LG와 함께하는 제14회 서울국제음악콩쿠르(1차예선),대관,2018-03-16,2018-03-16,27
예술의전당 콘서트홀,서울시향 2018 베토벤 교향곡 영웅,대관,2018-03-16,2018-03-16,2217
예술의전당 IBK챔버홀,Bon Soloists,대관,2018-03-17,2018-03-17,217
예술의전당 IBK챔버홀,룩스 트리오 제1회 정기연주회,대관,2018-03-17,2018-03-17,399
예술의전당 리사이틀홀,LG와 함께하는 제14회 서울국제음악콩쿠르(1차예선),대관,2018-03-17,2018-03-17,72
예술의전당 콘서트홀,신세계와 함께하는 2018 예술의전당 토요콘서트(3월),기획,2018-03-17,2018-03-17,1904
예술의전당 IBK챔버홀,GRE 기타 앙상블 콘서트,대관,2018-03-18,2018-03-18,224
예술의전당 IBK챔버홀,백주영&일리야 라쉬코프스키 듀오 리사이틀,대관,2018-03-18,2018-03-18,393
예술의전당 리사이틀홀,안명주 플루트 독주회,대관,2018-03-18,2018-03-18,253
예술의전당 리사이틀홀,안수현 귀국 콘트라베이스 독주회,대관,2018-03-18,2018-03-18,394
예술의전당 콘서트홀,서울챔버오케스트라 창단 40주년 기념 정기연주회,대관,2018-03-18,2018-03-18,1216
예술의전당 리사이틀홀,LG와 함께하는 제14회 서울국제음악콩쿠르(2차예선),대관,2018-03-19,2018-03-19,34
예술의전당 IBK챔버홀,손민수 베토벤 피아노 소나타 전곡 시리즈 2,대관,2018-03-20,2018-03-20,376
예술의전당 리사이틀홀,LG와 함께하는 제14회 서울국제음악콩쿠르(2차예선),대관,2018-03-20,2018-03-20,48
예술의전당 콘서트홀,파가니니의 불꽃,대관,2018-03-20,2018-03-20,1335
예술의전당 IBK챔버홀,양고운 바이올린 리사이틀,대관,2018-03-21,2018-03-21,204
예술의전당 리사이틀홀,LG와 함께하는 제14회 서울국제음악콩쿠르(준결선),대관,2018-03-21,2018-03-21,30
예술의전당 오페라극장,국립발레단 <지젤>,대관,2018-03-21,2018-03-25,8990
예술의전당 콘서트홀,제156회 서울신포니에타 정기연주회,대관,2018-03-21,2018-03-21,523
예술의전당 IBK챔버홀,피아니스트 윤철희의 모차르트 협주곡 연주회,대관,2018-03-22,2018-03-22,298
예술의전당 리사이틀홀,LG와 함께하는 제14회 서울국제음악콩쿠르(준결선),대관,2018-03-22,2018-03-22,70
예술의전당 자유소극장,댄싱 발레리노,대관,2018-03-22,2018-03-23,406
예술의전당 콘서트홀,얍 판 츠베덴 - 경기필하모닉ㅣ경기필 비르투오소 시리즈 I,대관,2018-03-22,2018-03-22,1617
예술의전당 IBK챔버홀,서울시향 2018 아모레퍼시픽과 함께하는 아르스 노바 I: 실내악 콘서트,대관,2018-03-23,2018-03-23,371
예술의전당 콘서트홀,KBS교향악단 제728회 정기연주회,대관,2018-03-23,2018-03-23,1529
예술의전당 한가람미술관,나 성숙 옻칠전 북촌한옥마을에서,대관,2018-03-23,2018-04-01,2204
예술의전당 한가람미술관,제2회 한국교직원미술대전 - 그날의 기억,대관,2018-03-23,2018-04-01,5471
예술의전당 IBK챔버홀,파체 더 듀얼,대관,2018-03-24,2018-03-24,407
예술의전당 IBK챔버홀,라 메르 에 릴(바다와섬) 제12회 정기연주회,대관,2018-03-24,2018-03-24,383
예술의전당 리사이틀홀,한동연 첼로 독주회,대관,2018-03-24,2018-03-24,298
예술의전당 리사이틀홀,제4회 코리아 하프 페스티벌 개막공연,대관,2018-03-24,2018-03-24,173
예술의전당 콘서트홀,LG와 함께하는 제14회 서울국제음악콩쿠르(결선),대관,2018-03-24,2018-03-24,279
예술의전당 한가람미술관,2017 예술의전당 미술영재 아카데미 작품평가전,기획,2018-03-24,2018-03-31,6146
예술의전당 IBK챔버홀,서울 솔리스트 첼로 앙상블 제23회 정기연주회,대관,2018-03-25,2018-03-25,340
예술의전당 IBK챔버홀,클라리넷 콰르텟 플레이어스 제 3회 정기연주회,대관,2018-03-25,2018-03-25,299
예술의전당 리사이틀홀,김경민 바이올린 독주회ㅣ음악의 숲을 거닐다 -Prokofiev about Prokofiev,대관,2018-03-25,2018-03-25,131
예술의전당 자유소극장,2018 김명숙 늘휘무용단 봄신작 - IN PRISM,대관,2018-03-25,2018-03-25,191
예술의전당 콘서트홀,LG와 함께하는 제14회 서울국제음악콩쿠르(결선),대관,2018-03-25,2018-03-25,307
예술의전당 CJ 토월극장,신과함께_저승편,대관,2018-03-27,2018-04-15,15471
예술의전당 IBK챔버홀,유시연의 테마콘서트 XV Gratitude,대관,2018-03-27,2018-03-27,317
예술의전당 리사이틀홀,사)한국페스티발앙상블 28회 현대음악축제,대관,2018-03-27,2018-03-27,226
예술의전당 자유소극장,동화,대관,2018-03-27,2018-03-28,213
예술의전당 콘서트홀,국립합창단 제172회 정기연주회 열정의 탱고와 한국의 얼의 조우,대관,2018-03-27,2018-03-27,1171
예술의전당 IBK챔버홀,2018 문화가 있는 날 SAC 아티스트 라운지(3월),기획,2018-03-28,2018-03-28,542
예술의전당 리사이틀홀,한국피아노두오협회 제 61회 정기연주회,대관,2018-03-28,2018-03-28,201
예술의전당 콘서트홀,케빈 케너 피아노 리사이틀,대관,2018-03-28,2018-03-28,770
예술의전당 IBK챔버홀,아니마 체임버 앙상블의 실내악 음악회,대관,2018-03-29,2018-03-29,442
예술의전당 서울서예박물관,한국서예사특별전 34 <명재 윤증>,기획,2018-03-29,2018-05-13,4008
예술의전당 콘서트홀,서울모테트합창단 제109회 정기연주회,대관,2018-03-29,2018-03-29,1062
예술의전당 IBK챔버홀,피경선 피아노 독주회,대관,2018-03-30,2018-03-30,332
예술의전당 리사이틀홀,코리아나 챔버 뮤직 소사이어티 제68회 정기연주회,대관,2018-03-30,2018-03-30,220
예술의전당 자유소극장,모차르트 오페라 돈죠반니,대관,2018-03-30,2018-03-31,418
예술의전당 콘서트홀,머니투데이방송과 함께하는 스타콘서트,대관,2018-03-30,2018-03-30,1218
예술의전당 IBK챔버홀,유재경 피아노 독주회,대관,2018-03-31,2018-03-31,477
예술의전당 IBK챔버홀,창작 오페라 ‘몽월 (夢月)’ 갈라 콘서트,대관,2018-03-31,2018-03-31,463
예술의전당 리사이틀홀,윤여영 바이올린 독주회,대관,2018-03-31,2018-03-31,124
예술의전당 리사이틀홀,조지현의 Beethoven Cycle 5회,대관,2018-03-31,2018-03-31,260
예술의전당 콘서트홀,2018 교향악축제 전야제 (3.31),기획,2018-03-31,2018-03-31,1421
예술의전당 IBK챔버홀,최영미 피아노 독주회,대관,2018-04-01,2018-04-01,369
예술의전당 IBK챔버홀,제4회 코리아 하프 페스티벌 폐막 공연,대관,2018-04-01,2018-04-01,388
예술의전당 리사이틀홀,황소원 피아노 독주회,대관,2018-04-01,2018-04-01,182
예술의전당 리사이틀홀,고광설 클라리넷 리사이틀,대관,2018-04-01,2018-04-01,155
예술의전당 콘서트홀,2018 교향악축제 - KBS교향악단 (4.1),기획,2018-04-01,2018-04-01,1877
예술의전당 IBK챔버홀,Quartet S 제2회 정기연주회,대관,2018-04-03,2018-04-03,297
예술의전당 리사이틀홀,이기정 피아노 독주회,대관,2018-04-03,2018-04-03,169
예술의전당 자유소극장,당신은 지금 바비레따에 살고 있군요,대관,2018-04-03,2018-04-08,530
예술의전당 콘서트홀,2018 교향악축제 - 대구시립교향악단 (4.3),기획,2018-04-03,2018-04-03,1635
예술의전당 한가람미술관,"연파 신현철 ""달의 미학""",대관,2018-04-03,2018-04-12,6384
예술의전당 한가람미술관,백순실개인전 <삶과 교향곡>,대관,2018-04-03,2018-04-12,2384
예술의전당 한가람미술관,오르빛도요 서영기 달항아리전,대관,2018-04-03,2018-04-12,1753
예술의전당 IBK챔버홀,이탈리아 성악회 제 65회 정기연주회,대관,2018-04-04,2018-04-04,298
예술의전당 리사이틀홀,제3회 성신 피아노 소사이어티 정기연주회,대관,2018-04-04,2018-04-04,165
예술의전당 콘서트홀,2018 교향악축제 - 대전시립교향악단 (4.4),기획,2018-04-04,2018-04-04,1303
예술의전당 한가람미술관,제6회 서울현대미술페스타,대관,2018-04-04,2018-04-11,7500
예술의전당 IBK챔버홀,비올리스트 조명희 and Ensemble For Viola,대관,2018-04-05,2018-04-05,316
예술의전당 리사이틀홀,안지윤 바이올린 독주회,대관,2018-04-05,2018-04-05,316
예술의전당 오페라극장,국립오페라단 마농,대관,2018-04-05,2018-04-08,4608
예술의전당 콘서트홀,2018 교향악축제 - 대만국가교향악단 (4.5),기획,2018-04-05,2018-04-05,2024
예술의전당 한가람미술관,봄 그리고 봄  see and spring,대관,2018-04-05,2018-04-11,1936
예술의전당 IBK챔버홀,윈뮤지션스 제 2회 정기연주회,대관,2018-04-06,2018-04-06,249
예술의전당 리사이틀홀,윤혜원 피아노 독주회,대관,2018-04-06,2018-04-06,290
예술의전당 서울서예박물관,제19회세종한글서예대전,대관,2018-04-06,2018-04-12,1024
예술의전당 콘서트홀,2018 교향악축제 - 서울시립교향악단 (4.6),기획,2018-04-06,2018-04-06,2241
예술의전당 IBK챔버홀,바이올리니스트 카라 남 리사이틀,대관,2018-04-07,2018-04-07,490
예술의전당 IBK챔버홀,"제38회 한국리스트협회 정기연주회 ""리스트와친구들 I""",대관,2018-04-07,2018-04-07,423
예술의전당 리사이틀홀,박소연 피아노 독주회,대관,2018-04-07,2018-04-07,161
예술의전당 리사이틀홀,피아니스트 박미정 초청 독주회,대관,2018-04-07,2018-04-07,193
예술의전당 콘서트홀,2018 교향악축제 - 경기필하모닉 오케스트라 (4.7),기획,2018-04-07,2018-04-07,1869
예술의전당 IBK챔버홀,플루트와 오보에: 바로크 인스피레이션,대관,2018-04-08,2018-04-08,341
예술의전당 IBK챔버홀,김응수  한소라 바이올린 듀오 리사이틀,대관,2018-04-08,2018-04-08,147
예술의전당 리사이틀홀,홍안기 첼로 독주회,대관,2018-04-08,2018-04-08,189
예술의전당 리사이틀홀,박현 바이올린 독주회,대관,2018-04-08,2018-04-08,131
예술의전당 리사이틀홀,한형실 피아노 독주회,대관,2018-04-10,2018-04-10,232
예술의전당 콘서트홀,2018 교향악축제 - 춘천시립교향악단 (4.10),기획,2018-04-10,2018-04-10,1078
예술의전당 IBK챔버홀,24회 듀오 스타콘서트,대관,2018-04-11,2018-04-11,361
예술의전당 리사이틀홀,박예은 귀국 플루트 독주회,대관,2018-04-11,2018-04-11,286
예술의전당 콘서트홀,2018 교향악축제 - 전주시립교향악단 (4.11),기획,2018-04-11,2018-04-11,1238
예술의전당 IBK챔버홀,서울시향 2018 실내악 시리즈 II,대관,2018-04-12,2018-04-12,321
예술의전당 리사이틀홀,강드보라 바이올린 독주회,대관,2018-04-12,2018-04-12,298
예술의전당 오페라극장,그랜드 오페라 갈라 콘서트,대관,2018-04-12,2018-04-13,2425
예술의전당 콘서트홀,한화생명과 함께하는 예술의전당 11시콘서트(4월),기획,2018-04-12,2018-04-12,1608
예술의전당 콘서트홀,2018 교향악축제 - 코리안심포니오케스트라 (4.12),기획,2018-04-12,2018-04-12,1612
예술의전당 IBK챔버홀,2018 KBS교향악단 실내악 시리즈 I - 더 첼로 The Cello,대관,2018-04-13,2018-04-13,291
예술의전당 리사이틀홀,김지은 바이올린 독주회,대관,2018-04-13,2018-04-13,169
예술의전당 콘서트홀,2018 교향악축제 - 부산시립교향악단 (4.13),기획,2018-04-13,2018-04-13,1414
예술의전당 IBK챔버홀,바리톤 고성현 사랑의 봄을 노래하다,대관,2018-04-14,2018-04-14,415
예술의전당 IBK챔버홀,서울튜티앙상블 창단30주년 기념음악회,대관,2018-04-14,2018-04-14,302
예술의전당 리사이틀홀,조재복 귀국 더블베이스 독주회,대관,2018-04-14,2018-04-14,245
예술의전당 리사이틀홀,제5회 파블로 앤 파블로 피아노트리오 정기연주회,대관,2018-04-14,2018-04-14,139
예술의전당 서울서예박물관,한글서체정립을 위한 특별기획 한글서체별 작품전,대관,2018-04-14,2018-04-19,1159
예술의전당 콘서트홀,2018 교향악축제 - 광주시립교향악단 (4.14),기획,2018-04-14,2018-04-14,1407
예술의전당 한가람미술관,최혜자 전,대관,2018-04-14,2018-04-21,3018
예술의전당 한가람미술관,한국구상미술의 새로운 비젼을 제시하다,대관,2018-04-14,2018-04-21,3359
예술의전당 한가람미술관,오용길 작품전,대관,2018-04-14,2018-04-21,3900
예술의전당 한가람미술관,캘리는 나의 삶,대관,2018-04-14,2018-04-21,8187
예술의전당 IBK챔버홀,KCO 트로이카콘서트 시리즈 18,대관,2018-04-15,2018-04-15,485
예술의전당 IBK챔버홀,아베끄 스트링 콰르텟 제4회 정기연주회,대관,2018-04-15,2018-04-15,339
예술의전당 리사이틀홀,김이정 바이올린 독주회,대관,2018-04-15,2018-04-15,155
예술의전당 리사이틀홀,유신혜 귀국 바이올린 독주회,대관,2018-04-15,2018-04-15,294
예술의전당 콘서트홀,2018 교향악축제 - 원주시립교향악단 (4.15),기획,2018-04-15,2018-04-15,1925
예술의전당 IBK챔버홀,서울 스트링 앙상블 제51회 정기연주회,대관,2018-04-17,2018-04-17,299
예술의전당 리사이틀홀,여음목관5중주 제30회 정기연주회,대관,2018-04-17,2018-04-17,275
예술의전당 콘서트홀,2018 교향악축제 - 군포 프라임필하모닉오케스트라 (4.17),기획,2018-04-17,2018-04-17,1088
예술의전당 IBK챔버홀,2018 KF 한-태 수교 60주년 기념음악회,대관,2018-04-18,2018-04-18,337
예술의전당 리사이틀홀,한국독일가곡연구회 163회 정기연주회,대관,2018-04-18,2018-04-18,170
예술의전당 자유소극장,연극 <바람 불어 별이 흔들릴 때>,기획,2018-04-18,2018-05-06,2899
예술의전당 콘서트홀,2018 교향악축제 - 과천시립교향악단 (4.18),기획,2018-04-18,2018-04-18,1451
예술의전당 IBK챔버홀,벨라보체와 든솔성악친구들 Opera gala concert,대관,2018-04-19,2018-04-19,353
예술의전당 리사이틀홀,(사)한국여성작곡가회 제66회 봄 정기 발표회,대관,2018-04-19,2018-04-19,81
예술의전당 오페라극장,국립발레단 <말괄량이 길들이기>,대관,2018-04-19,2018-04-22,7139
예술의전당 콘서트홀,2018 교향악축제 - 강남심포니오케스트라 (4.19),기획,2018-04-19,2018-04-19,1657
예술의전당 CJ 토월극장,국립현대무용단 스윙,대관,2018-04-20,2018-04-22,2218
예술의전당 IBK챔버홀,봄에 듣는 유쾌한 세레나데,대관,2018-04-20,2018-04-20,198
예술의전당 리사이틀홀,선우지현 클라리넷 독주회,대관,2018-04-20,2018-04-20,172
예술의전당 콘서트홀,2018 교향악축제 - 제주특별자치도립 제주교향악단 (4.20),기획,2018-04-20,2018-04-20,1852
예술의전당 IBK챔버홀,최경은 첼로 독주회,대관,2018-04-21,2018-04-21,355
예술의전당 IBK챔버홀,제11회 한국플루트협회 정기연주회,대관,2018-04-21,2018-04-21,168
예술의전당 리사이틀홀,전수진 피아노 독주회,대관,2018-04-21,2018-04-21,141
예술의전당 리사이틀홀,김정아 바이올린 독주회,대관,2018-04-21,2018-04-21,333
예술의전당 콘서트홀,2018 교향악축제 - 부천필하모닉오케스트라 (4.21),기획,2018-04-21,2018-04-21,1911
예술의전당 콘서트홀,신세계와 함께하는 2018 예술의전당 토요콘서트(4월),기획,2018-04-21,2018-04-21,1590
예술의전당 IBK챔버홀,Spirit of SNU Strings Ⅶ,대관,2018-04-22,2018-04-22,375
예술의전당 IBK챔버홀,조성호 클라리넷 리사이틀,대관,2018-04-22,2018-04-22,246
예술의전당 리사이틀홀,유혜영 피아노 독주회,대관,2018-04-22,2018-04-22,211
예술의전당 리사이틀홀,에르완 리샤 비올라 독주회,대관,2018-04-22,2018-04-22,231
예술의전당 콘서트홀,"불의 바이올리니스트, 로랑 코르샤 내한공연 with 변애영",대관,2018-04-22,2018-04-22,1915
예술의전당 IBK챔버홀,제3회 대한민국 성악제 - 예술가곡 이야기,대관,2018-04-24,2018-04-24,313
예술의전당 리사이틀홀,앙상블 뉴화인아트 제6회 정기연주회,대관,2018-04-24,2018-04-24,86
예술의전당 콘서트홀,마르틴 슈타트펠트 피아노 리사이틀,대관,2018-04-24,2018-04-24,916
예술의전당 한가람디자인미술관,황부용 힐링 그래피즘 '춤추는 사람들',대관,2018-04-24,2018-05-04,1167
예술의전당 한가람미술관,에이엔씨아트페스티벌2018,대관,2018-04-24,2018-05-01,5886
예술의전당 한가람미술관,제 39회 도림전 : 세라믹 컨버젼스 Ceramic Convergence,대관,2018-04-24,2018-05-02,4242
예술의전당 IBK챔버홀,2018 문화가 있는 날 SAC 아티스트 라운지(4월),기획,2018-04-25,2018-04-25,555
예술의전당 리사이틀홀,2018 ACL-Korea 국제음악제 I,대관,2018-04-25,2018-04-25,101
예술의전당 콘서트홀,메조소프라노 이아경 [슈만의 '여인의 사랑과 생애'],대관,2018-04-25,2018-04-25,591
예술의전당 IBK챔버홀,콰르텟 21 제50회 정기연주회,대관,2018-04-26,2018-04-26,260
예술의전당 리사이틀홀,"신미정, 김수연, 정선이 트리오 연주회",대관,2018-04-26,2018-04-26,286
예술의전당 콘서트홀,"봄, 가곡의 향연",대관,2018-04-26,2018-04-26,1095
예술의전당 IBK챔버홀,채희철 어수희 두오 리사이틀,대관,2018-04-27,2018-04-27,331
예술의전당 리사이틀홀,제25회 빈트리오 정기연주회,대관,2018-04-27,2018-04-27,133
예술의전당 서울서예박물관,제26회 대한민국서예전람회,대관,2018-04-27,2018-05-03,2792
예술의전당 오페라극장,2018 제9회 대한민국오페라페스티벌 라벨라 오페라단 가면무도회,대관,2018-04-27,2018-04-29,4494
예술의전당 콘서트홀,KBS교향악단 제729회 정기연주회,대관,2018-04-27,2018-04-27,1436
예술의전당 IBK챔버홀,제7회 대한민국예술원 음악회,대관,2018-04-28,2018-04-28,357
예술의전당 IBK챔버홀,클래식 기타리스트 타티아나 리즈코바 내한공연,대관,2018-04-28,2018-04-28,293
예술의전당 리사이틀홀,유성민 바이올린 독주회,대관,2018-04-28,2018-04-28,133
예술의전당 리사이틀홀,문지원 귀국 바이올린 독주회,대관,2018-04-28,2018-04-28,207
예술의전당 신세계스퀘어 야외무대,오페라 갈라 콘서트,기획,2018-04-28,2018-04-28,1300
예술의전당 콘서트홀,신지아 반전反轉,대관,2018-04-28,2018-04-28,868
예술의전당 IBK챔버홀,박규희 기타 리사이틀,대관,2018-04-29,2018-04-29,566
예술의전당 IBK챔버홀,"클래식 큐레이터, 라스트 모차르트",대관,2018-04-29,2018-04-29,521
예술의전당 리사이틀홀,박선경 비올라 독주회,대관,2018-04-29,2018-04-29,163
예술의전당 리사이틀홀,2018 ACL-Korea 국제음악제 III,대관,2018-04-29,2018-04-29,139
예술의전당 CJ 토월극장,예술의전당 30주년 인문학특강,기획,2018-05-01,2018-05-03,1681
예술의전당 리사이틀홀,제8회 서울모던앙상블 정기연주회- 작곡동인 누오보노타 시리즈Vll,대관,2018-05-01,2018-05-01,131
예술의전당 콘서트홀,드보르작 테데움 / 수콘 신포니에타 D장조 / 스메타나 몰다우,대관,2018-05-01,2018-05-01,2027
예술의전당 리사이틀홀,안중연 오보에 독주회,대관,2018-05-02,2018-05-02,129
예술의전당 콘서트홀,제16회 서울코랄페스티벌,대관,2018-05-02,2018-05-02,954
예술의전당 IBK챔버홀,IBK기업은행과 함께하는 사랑 나눔 음악회,대관,2018-05-03,2018-05-03,522
예술의전당 리사이틀홀,윤민규 오보에 독주회,대관,2018-05-03,2018-05-03,197
예술의전당 신세계스퀘어 야외무대,남북정상회담 성공기념 평화음악회,대관,2018-05-03,2018-05-03,1000
예술의전당 콘서트홀,The Voice : 울림과 어울림,대관,2018-05-03,2018-05-03,1844
예술의전당 IBK챔버홀,2018 KBS교향악단 실내악 시리즈 II - 더 프리미어 The Premiere,대관,2018-05-04,2018-05-04,425
예술의전당 리사이틀홀,공세정 비올라 독주회,대관,2018-05-04,2018-05-04,132
예술의전당 오페라극장,2018 제9회 대한민국오페라페스티벌 서울오페라앙상블 오르페오와 에우리디체,대관,2018-05-04,2018-05-06,3535
예술의전당 콘서트홀,게임 속의 오케스트라: 메이플스토리,대관,2018-05-04,2018-05-04,1966
예술의전당 한가람미술관,2018 서울모던아트쇼,대관,2018-05-04,2018-05-08,5472
예술의전당 한가람미술관,원로작가 정경자 팔순 회고전,대관,2018-05-04,2018-05-13,4903
예술의전당 IBK챔버홀,2018 어린이날 음악회,대관,2018-05-05,2018-05-05,362
예술의전당 IBK챔버홀,"어린이날 음악회 <물들다, 클래식>",대관,2018-05-05,2018-05-05,328
예술의전당 리사이틀홀,이인식 열 번째 작품발표회,대관,2018-05-05,2018-05-05,188
예술의전당 리사이틀홀,염은하 바이올린 독주회 [프랑스의 작곡가들],대관,2018-05-05,2018-05-05,184
예술의전당 콘서트홀,어린이날 콘서트 <Spring! Spring!>,기획,2018-05-05,2018-05-05,1739
예술의전당 IBK챔버홀,강효정 바로크 첼로 독주회,대관,2018-05-06,2018-05-06,244
예술의전당 IBK챔버홀,화음쳄버오케스트라 가정의 달 그림책 음악회,대관,2018-05-06,2018-05-06,363
예술의전당 리사이틀홀,박지애 귀국 바이올린 독주회,대관,2018-05-06,2018-05-06,189
예술의전당 리사이틀홀,위 솔로이스츠 제17회 정기연주회,대관,2018-05-06,2018-05-06,200
예술의전당 콘서트홀,드림웍스 애니메이션 콘서트,대관,2018-05-06,2018-05-06,1284
예술의전당 한가람디자인미술관,"이시원 개인전 , 아름다운 거래",대관,2018-05-06,2018-05-14,1659
예술의전당 CJ 토월극장,연극 여도,대관,2018-05-07,2018-05-23,5769
예술의전당 IBK챔버홀,창악회 창립 60주년 정기발표회 I,대관,2018-05-08,2018-05-08,115
예술의전당 리사이틀홀,김양준의 테마가 있는 음악회 VI,대관,2018-05-08,2018-05-08,78
예술의전당 자유소극장,김선효 거문고 콘서트 'Colour of Geomungo',대관,2018-05-08,2018-05-08,133
예술의전당 콘서트홀,Voice of You 유엔젤보이스 5월 愛 콘서트,대관,2018-05-08,2018-05-08,1170
예술의전당 IBK챔버홀,조이오브스트링스 정기연주회,대관,2018-05-09,2018-05-09,261
예술의전당 리사이틀홀,2018 대한민국실내악작곡제전 II,대관,2018-05-09,2018-05-09,131
예술의전당 콘서트홀,제35회 크누아 윈드 오케스트라 정기연주회,대관,2018-05-09,2018-05-09,1243
예술의전당 IBK챔버홀,하늠챔버앙상블 제22회 정기연주회,대관,2018-05-10,2018-05-10,447
예술의전당 리사이틀홀,아니마 체임버 앙상블의 실내악 음악회,대관,2018-05-10,2018-05-10,274
예술의전당 서울서예박물관,제24회 대한민국서도대전,대관,2018-05-10,2018-05-16,1591
예술의전당 콘서트홀,한화생명과 함께하는 예술의전당 11시콘서트(5월),기획,2018-05-10,2018-05-10,1489
예술의전당 IBK챔버홀,2018 예술의전당 문화햇살콘서트 - 음악이 빛이 되는 콘서트,기획,2018-05-11,2018-05-11,511
예술의전당 리사이틀홀,창악회 창립 60주년 정기발표회 - 국제교류연주회,대관,2018-05-11,2018-05-11,119
예술의전당 오페라극장,2018 제9회 대한민국오페라페스티벌 누오바오페라단 여우뎐,대관,2018-05-11,2018-05-13,3040
예술의전당 콘서트홀,강남심포니오케스트라 제76회 정기연주회,대관,2018-05-11,2018-05-11,954
예술의전당 IBK챔버홀,S-KLAVIER 창단연주회,대관,2018-05-12,2018-05-12,284
예술의전당 IBK챔버홀,베이스 양희준 · 김대영 듀오 콘서트,대관,2018-05-12,2018-05-12,295
예술의전당 리사이틀홀,성경주 바이올린 독주회,대관,2018-05-12,2018-05-12,287
예술의전당 리사이틀홀,유자은 바이올린 독주회,대관,2018-05-12,2018-05-12,151
예술의전당 콘서트홀,숙명여자대학교 제82회 정기연주회,대관,2018-05-12,2018-05-12,1223
예술의전당 한가람미술관,서울국제조각페스타 2018,대관,2018-05-12,2018-05-20,21960
예술의전당 IBK챔버홀,피아노 신박듀오 제1회 정기연주회,대관,2018-05-13,2018-05-13,372
예술의전당 IBK챔버홀,건우회 제5회 정기연주회-마스터피스 시리즈2,대관,2018-05-13,2018-05-13,239
예술의전당 리사이틀홀,이진영 귀국 피아노 독주회,대관,2018-05-13,2018-05-13,295
예술의전당 리사이틀홀,히로타 순지 피아노 독주회,대관,2018-05-13,2018-05-13,271
예술의전당 신세계스퀘어 야외무대,2018 예술의전당 동요콘서트,기획,2018-05-13,2018-05-19,4200
예술의전당 자유소극장,"뿌리는 내려져야 하고, 꽃은 피어져야 한다.",대관,2018-05-13,2018-05-13,216
예술의전당 콘서트홀,쾰른 방송교향악단,대관,2018-05-13,2018-05-13,1790
예술의전당 자유소극장,sonic illusion 2018,대관,2018-05-14,2018-05-14,53
예술의전당 IBK챔버홀,KCO 트로이카콘서트 시리즈 19,대관,2018-05-15,2018-05-15,466
예술의전당 리사이틀홀,아울로스 목관5중주 제33회 정기연주회,대관,2018-05-15,2018-05-15,236
예술의전당 콘서트홀,자선음악회 사랑이 머무는곳에,대관,2018-05-15,2018-05-15,1325
예술의전당 IBK챔버홀,스타인웨이 위너 콘서트 인 코리아,대관,2018-05-16,2018-05-16,348
예술의전당 리사이틀홀,배종선 플루트 독주회,대관,2018-05-16,2018-05-16,86
예술의전당 콘서트홀,제5회 kt chamber orchestra 특별연주회,대관,2018-05-16,2018-05-16,2060
예술의전당 IBK챔버홀,Latin Fantasy,대관,2018-05-17,2018-05-17,192
예술의전당 리사이틀홀,김현경 바이올린 독주회,대관,2018-05-17,2018-05-17,154
예술의전당 한가람디자인미술관,디자인아트페어 2018,대관,2018-05-17,2018-05-26,8308
예술의전당 한가람미술관,제9회 디자인아트페어 2018,대관,2018-05-17,2018-05-26,5600
예술의전당 IBK챔버홀,2018 서울스프링실내악축제_Beethoven Complete Piano Trios 1,대관,2018-05-18,2018-05-18,295
예술의전당 리사이틀홀,김성환 귀국 트럼펫 독주회,대관,2018-05-18,2018-05-18,145
예술의전당 서울서예박물관,광개토대왕비체 부모은중경 하석전,대관,2018-05-18,2018-05-28,2142
예술의전당 자유소극장,2018 제9회 대한민국오페라페스티벌 울산싱어즈오페라단 썸타는 박사장 길들이기,대관,2018-05-18,2018-05-20,661
예술의전당 콘서트홀,국립합창단 제173회 정기연주회 Happy Actually 해피 액츄얼리,대관,2018-05-18,2018-05-18,1304
예술의전당 IBK챔버홀,이보경 바이올린 독주회,대관,2018-05-19,2018-05-19,386
예술의전당 IBK챔버홀,이성주와 올리버 케른의 로맨틱 소나타,대관,2018-05-19,2018-05-19,212
예술의전당 리사이틀홀,김운성 트롬본 독주회,대관,2018-05-19,2018-05-19,105
예술의전당 리사이틀홀,제 35회 허재영 튜바 독주회,대관,2018-05-19,2018-05-19,114
예술의전당 서울서예박물관,개관30주년 기념 <어린이 붓글씨 한마당展>,기획,2018-05-19,2018-05-27,766
예술의전당 오페라극장,2018 제9회 대한민국오페라페스티벌 국립오페라단 오페라갈라,대관,2018-05-19,2018-05-20,2691
예술의전당 콘서트홀,2018 서울스프링실내악축제 가족음악회,대관,2018-05-19,2018-05-19,1545
예술의전당 콘서트홀,신세계와 함께하는 2018 예술의전당 토요콘서트(5월),기획,2018-05-19,2018-05-19,1589
예술의전당 IBK챔버홀,2018서울스프링실내악축제_Beethoven Complete Piano Trios 2,대관,2018-05-20,2018-05-20,341
예술의전당 IBK챔버홀,2018서울스프링실내악축제_Serenade : C.B to R. Guyot & O. Doi,대관,2018-05-20,2018-05-20,313
예술의전당 리사이틀홀,지성호 바이올린 독주회,대관,2018-05-20,2018-05-20,100
예술의전당 리사이틀홀,채리티체임버앙상블 정기연주회,대관,2018-05-20,2018-05-20,143
예술의전당 IBK챔버홀,2018서울스프링실내악축제_Circle of Friends,대관,2018-05-22,2018-05-22,576
예술의전당 리사이틀홀,서울예술가곡연구회 제 60회 정기연주회,대관,2018-05-22,2018-05-22,195
예술의전당 오페라극장,하이든 오라토리오 천지창조,대관,2018-05-22,2018-05-23,3258
예술의전당 콘서트홀,찬란한콘서트,대관,2018-05-22,2018-05-22,1168
예술의전당 IBK챔버홀,2018서울스프링실내악축제_Beethoven Complete Piano Trios 3,대관,2018-05-23,2018-05-23,385
예술의전당 리사이틀홀,이상경 첼로 독주회,대관,2018-05-23,2018-05-23,81
예술의전당 콘서트홀,유키 구라모토 콘서트,대관,2018-05-23,2018-05-23,2225
예술의전당 한가람미술관,SNU 빌라다르 페스티발 2018,대관,2018-05-23,2018-05-31,2622
예술의전당 한가람미술관,2018 국토해양환경국제미술대전,대관,2018-05-23,2018-05-27,1936
예술의전당 IBK챔버홀,2018서울스프링실내악축제_Strings VS Winds,대관,2018-05-24,2018-05-24,393
예술의전당 리사이틀홀,예음클래식 초청 김광훈 바이올린 독주회,대관,2018-05-24,2018-05-24,96
예술의전당 콘서트홀,시벨리우스의 관록,대관,2018-05-24,2018-05-24,1267
예술의전당 IBK챔버홀,2018서울스프링실내악축제_Go with the Winds,대관,2018-05-25,2018-05-25,382
예술의전당 리사이틀홀,김준환 귀국 첼로 독주회,대관,2018-05-25,2018-05-25,207
예술의전당 자유소극장,2018 제9회 대한민국오페라페스티벌 코리아아르츠그룹 흥부와 놀부,대관,2018-05-25,2018-05-27,795
예술의전당 콘서트홀,KBS교향악단 제730회 정기연주회,대관,2018-05-25,2018-05-25,1341
예술의전당 CJ 토월극장,2018 장선희발레단 특별기획 <러브스토리>,대관,2018-05-26,2018-05-27,1000
예술의전당 IBK챔버홀,2018서울스프링실내악축제_Carte Blanche to Ladies,대관,2018-05-26,2018-05-26,398
예술의전당 IBK챔버홀,2018서울스프링실내악축제_C.B to M. Martin & F. Helmerson,대관,2018-05-26,2018-05-26,320
예술의전당 리사이틀홀,트리오 루나리스 제2회 정기연주회,대관,2018-05-26,2018-05-26,297
예술의전당 리사이틀홀,"양윤정, 한지현 듀오 스프링 콘서트",대관,2018-05-26,2018-05-26,299
예술의전당 콘서트홀,"Ode to Joy 새로운 시작, 평화의 어울림",대관,2018-05-26,2018-05-26,1500
예술의전당 IBK챔버홀,2018 경기실내악축제,대관,2018-05-27,2018-05-27,254
예술의전당 IBK챔버홀,2018서울스프링실내악축제_Carte Blanche to SSF Friends,대관,2018-05-27,2018-05-27,518
예술의전당 리사이틀홀,김호정 첼로 독주회,대관,2018-05-27,2018-05-27,165
예술의전당 리사이틀홀,창단 10주년 기념 제12회 소노리테 목관5중주 정기연주회,대관,2018-05-27,2018-05-27,237
예술의전당 오페라극장,볼쇼이 발레단〈백조의 호수〉,대관,2018-05-27,2018-05-29,5671
예술의전당 IBK챔버홀,현대음악앙상블 소리 2018 정기연주회,대관,2018-05-29,2018-05-29,144
예술의전당 리사이틀홀,이임수 클라리넷 독주회,대관,2018-05-29,2018-05-29,273
예술의전당 IBK챔버홀,2018 문화가 있는 날 SAC 아티스트 라운지(5월),기획,2018-05-30,2018-05-30,499
예술의전당 리사이틀홀,유지홍 플루트 독주회,대관,2018-05-30,2018-05-30,131
예술의전당 자유소극장,허윤정 거문고 콘서트 경계,대관,2018-05-30,2018-05-30,161
예술의전당 콘서트홀,예술의전당 콘서트 오페라 <피가로의 결혼>,기획,2018-05-30,2018-05-30,1942
예술의전당 CJ 토월극장,"[2018 대한민국발레축제] 김용걸댄스씨어터, 김세연 서울메이트",기획,2018-05-31,2018-06-01,1498
예술의전당 IBK챔버홀,링컨센터 챔버뮤직소사이어티 아시아투어 2018,대관,2018-05-31,2018-05-31,366
예술의전당 리사이틀홀,코리아나 챔버 뮤직 소사이어티 제69회 정기연주회,대관,2018-05-31,2018-05-31,194
예술의전당 콘서트홀,조슈아 벨 & 아카데미 오브 세인트 마틴 인 더 필즈,대관,2018-05-31,2018-05-31,1420
예술의전당 한가람디자인미술관,제5회 대한민국국제포토페스티벌,대관,2018-05-31,2018-06-06,6851
예술의전당 IBK챔버홀,바리톤 공병우 독창회,대관,2018-06-01,2018-06-01,198
예술의전당 리사이틀홀,김상원 피아노 독주회,대관,2018-06-01,2018-06-01,142
예술의전당 오페라극장,콘서트·오페라 ‘백년의 약속’,대관,2018-06-01,2018-06-02,3109
예술의전당 콘서트홀,국립국악관현악단 관현악시리즈 베스트컬렉션 Ⅳ-박범훈,대관,2018-06-01,2018-06-01,1730
예술의전당 한가람미술관,제2회 여성사진페스티벌 2018  통通하는 여자,대관,2018-06-01,2018-06-08,5568
예술의전당 IBK챔버홀,Honors Trio 제1회 정기연주회,대관,2018-06-02,2018-06-02,291
예술의전당 IBK챔버홀,Quartet atis 제10회 정기연주회,대관,2018-06-02,2018-06-02,254
예술의전당 리사이틀홀,송영민 피아노 독주회,대관,2018-06-02,2018-06-02,217
예술의전당 리사이틀홀,21세기악회 제49주년 기념작품발표회 II,대관,2018-06-02,2018-06-02,128
예술의전당 콘서트홀,도이치 방송 오케스트라,대관,2018-06-02,2018-06-02,1773
예술의전당 IBK챔버홀,제2회 더 브라스 칸타빌레 정기연주회,대관,2018-06-03,2018-06-03,487
예술의전당 IBK챔버홀,제9회 아셀 플루트 앙상블 정기연주회,대관,2018-06-03,2018-06-03,358
예술의전당 리사이틀홀,국성화 플루트 독주회,대관,2018-06-03,2018-06-03,185
예술의전당 리사이틀홀,제11회 금파 플루트 앙상블 정기연주회,대관,2018-06-03,2018-06-03,189
예술의전당 콘서트홀,제38회 그대있음에,대관,2018-06-03,2018-06-03,2074
예술의전당 한가람미술관,나는 신범돈이다,대관,2018-06-03,2018-06-10,1526
예술의전당 한가람미술관,제43회 상형전 정기전(조형의 꽃으로 말하다),대관,2018-06-03,2018-06-10,2895
예술의전당 CJ 토월극장,"[2018 대한민국발레축제] 서울발레시어터, 정형일 Ballet Creative",기획,2018-06-04,2018-06-05,1011
예술의전당 IBK챔버홀,서울 레이디스싱어즈 제29회 정기연주회,대관,2018-06-05,2018-06-05,177
예술의전당 리사이틀홀,제5회 서울 플루티스트 앙상블 The K 정기연주회,대관,2018-06-05,2018-06-05,323
예술의전당 자유소극장,"[2018 대한민국발레축제] 김지안 발레단, 프로젝트 클라우드 나인",기획,2018-06-05,2018-06-06,411
예술의전당 콘서트홀,제 5회 리움챔버오케스트라 정기연주회,대관,2018-06-05,2018-06-05,1422
예술의전당 한가람미술관,샤갈: 러브 앤 라이프_이스라엘 박물관 컬렉션展,대관,2018-06-05,2018-09-26,194839
예술의전당 IBK챔버홀,팬아시아필하모니아 제6회 정기연주회 -모차르트 시리즈 II,대관,2018-06-06,2018-06-06,371
예술의전당 리사이틀홀,윤소임 바이올린 독주회,대관,2018-06-06,2018-06-06,182
예술의전당 서울서예박물관,"한메이린 세계순회전 - 서울 | 메이린의 예술세계 : 격정, 융화, 올림픽.",기획,2018-06-06,2018-07-08,5988
예술의전당 오페라극장,국립무용단 향연_예술의전당,대관,2018-06-06,2018-06-09,6872
예술의전당 콘서트홀,코리안심포니오케스트라 제206회 정기연주회,대관,2018-06-06,2018-06-06,1344
예술의전당 IBK챔버홀,코리안 솔로이스츠 정기연주회 (협연: 임지영),대관,2018-06-07,2018-06-07,251
예술의전당 리사이틀홀,이호정 피아노 독주회,대관,2018-06-07,2018-06-07,151
예술의전당 콘서트홀,지브리 필름 앤 뮤직 페스티벌 with 어쿠스틱카페,대관,2018-06-07,2018-06-07,1415
예술의전당 IBK챔버홀,2018 서울첼로오케스트라와 함께하는 ‘힐링클래식’,대관,2018-06-08,2018-06-08,476
예술의전당 리사이틀홀,서울 코뮤니타스 앙상블 제2회 정기연주회,대관,2018-06-08,2018-06-08,123
예술의전당 콘서트홀,빅토리아 뮬로바 & 제네바 카메라타,대관,2018-06-08,2018-06-08,1196
예술의전당 한가람디자인미술관,통영나전칠기전,대관,2018-06-08,2018-06-17,1662
예술의전당 CJ 토월극장,[2018 대한민국발레축제] 유니버설발레단 <발레 춘향>,대관,2018-06-09,2018-06-10,1566
예술의전당 IBK챔버홀,금혜승 피아노 독주회,대관,2018-06-09,2018-06-09,156
예술의전당 IBK챔버홀,2018 DITTO FEST: 문태국 ＆ 한지호,대관,2018-06-09,2018-06-09,449
예술의전당 리사이틀홀,전유미 귀국 콘트라베이스 독주회,대관,2018-06-09,2018-06-09,225
예술의전당 리사이틀홀,홍혜도 피아노독주회 - Bach& Schubert,대관,2018-06-09,2018-06-09,129
예술의전당 자유소극장,"[2018 대한민국발레축제] 임혜경 Le Ballet, 윤전일 Dance Emotion",기획,2018-06-09,2018-06-10,401
예술의전당 콘서트홀,2018 비보컬 특별초청콘서트,대관,2018-06-09,2018-06-09,1614
예술의전당 한가람디자인미술관,제10회 이탈리아영화제 프롤로그,대관,2018-06-09,2018-06-17,2647
예술의전당 IBK챔버홀,2018 DITTO FEST: 김한,대관,2018-06-10,2018-06-10,389
예술의전당 IBK챔버홀,위 솔로이스츠 제18회 정기연주회,대관,2018-06-10,2018-06-10,347
예술의전당 리사이틀홀,이윤의바이올린독주회,대관,2018-06-10,2018-06-10,235
예술의전당 리사이틀홀,임성윤 바이올린 독주회,대관,2018-06-10,2018-06-10,201
예술의전당 콘서트홀,한경필하모닉 호국보훈음악회,대관,2018-06-10,2018-06-10,1319
예술의전당 IBK챔버홀,사)한국페스티발앙상블 제 65회 정기연주회,대관,2018-06-12,2018-06-12,338
예술의전당 리사이틀홀,현재희 교수와 함께하는 세현회의 음악여행,대관,2018-06-12,2018-06-12,100
예술의전당 콘서트홀,"2018 안익태기념음악회 - 나의 조국, 나의 노래 -",대관,2018-06-12,2018-06-12,1691
예술의전당 한가람미술관,우리목가구의멋과아름다움,대관,2018-06-12,2018-06-19,7052
예술의전당 IBK챔버홀,코리아솔로이츠 오케스트라 초청 이안 홉슨 특별연주회,대관,2018-06-13,2018-06-13,526
예술의전당 리사이틀홀,임리라 피아노 독주회,대관,2018-06-13,2018-06-13,218
예술의전당 오페라극장,2018 수지오페라단 오페라 <라 보엠>,대관,2018-06-13,2018-06-15,4037
예술의전당 콘서트홀,서울대학교 윈드앙상블 연주회,대관,2018-06-13,2018-06-13,1095
예술의전당 한가람미술관,아트포럼인터내셔널 51회 정기전,대관,2018-06-13,2018-06-20,11002
예술의전당 IBK챔버홀,이승희 바이올린 독주회,대관,2018-06-14,2018-06-14,275
예술의전당 리사이틀홀,김유미 바이올린 독주회,대관,2018-06-14,2018-06-14,231
예술의전당 콘서트홀,신세계 클래식 페스티벌,대관,2018-06-14,2018-06-14,1784
예술의전당 콘서트홀,한화생명과 함께하는 예술의전당 11시콘서트(6월),기획,2018-06-14,2018-06-14,1646
예술의전당 한가람미술관,영월에 가면 박물관이 보인다,대관,2018-06-14,2018-06-20,4382
예술의전당 IBK챔버홀,NVH코리아와 함께 하는 제11회 프렌즈오브뮤직 음악회,대관,2018-06-15,2018-06-15,460
예술의전당 리사이틀홀,한국피아노두오협회 제 62회 정기연주회,대관,2018-06-15,2018-06-15,328
예술의전당 자유소극장,국립현대무용단 스웨덴 커넥션Ⅰ,대관,2018-06-15,2018-06-17,767
예술의전당 콘서트홀,한화클래식 2018,대관,2018-06-15,2018-06-15,1764
예술의전당 IBK챔버홀,제11회 현대음악앙상블 트와씨 정기연주회,대관,2018-06-16,2018-06-16,262
예술의전당 IBK챔버홀,월드비전 합창단과 함께 떠나는 클래식 여행,대관,2018-06-16,2018-06-16,533
예술의전당 리사이틀홀,윤여민 색소폰 독주회,대관,2018-06-16,2018-06-16,227
예술의전당 콘서트홀,한화클래식 2018,대관,2018-06-16,2018-06-16,1934
예술의전당 콘서트홀,신세계와 함께하는 2018 예술의전당 토요콘서트(6월),기획,2018-06-16,2018-06-16,1540
예술의전당 IBK챔버홀,민유경 바이올린 리사이틀,대관,2018-06-17,2018-06-17,330
예술의전당 IBK챔버홀,블래져 목관 앙상블 제2회 정기연주회,대관,2018-06-17,2018-06-17,434
예술의전당 리사이틀홀,이윤정 오보에 독주회,대관,2018-06-17,2018-06-17,188
예술의전당 리사이틀홀,임남희:베토벤 피아노 소나타 전곡 연주회 V,대관,2018-06-17,2018-06-17,287
예술의전당 콘서트홀,레이 첸 바이올린 리사이틀,대관,2018-06-17,2018-06-17,784
예술의전당 IBK챔버홀,2018 그랜드 피아노 콘서트,대관,2018-06-19,2018-06-19,386
예술의전당 리사이틀홀,임홍균 바이올린 독주회,대관,2018-06-19,2018-06-19,152
예술의전당 콘서트홀,이마에스트리 제13회 정기연주회,대관,2018-06-19,2018-06-19,1862
예술의전당 IBK챔버홀,제3회 누뚜 정기연주회,대관,2018-06-20,2018-06-20,248
예술의전당 리사이틀홀,2018 대한민국 실내악 작곡제전 III,대관,2018-06-20,2018-06-20,128
예술의전당 콘서트홀,한국예술종합학교 음악원 개원 25주년 기념 음악회,대관,2018-06-20,2018-06-20,1612
예술의전당 한가람디자인미술관,박소형 개인전,대관,2018-06-20,2018-06-27,982
예술의전당 한가람디자인미술관,대한민국 新예술인展,대관,2018-06-20,2018-06-28,2234
예술의전당 CJ 토월극장,브로드웨이 42번가,대관,2018-06-21,2018-08-19,57354
예술의전당 IBK챔버홀,송지원 바이올린 독주회,대관,2018-06-21,2018-06-21,212
예술의전당 리사이틀홀,정지강 윤형숙 피아노 두오 연주회,대관,2018-06-21,2018-06-21,107
예술의전당 콘서트홀,코리아남성합창단 제19회 정기연주회,대관,2018-06-21,2018-06-21,1671
예술의전당 IBK챔버홀,서울 플루트 솔로이스츠 제8회 정기연주회,대관,2018-06-22,2018-06-22,204
예술의전당 리사이틀홀,강혜영 피아노 독주회,대관,2018-06-22,2018-06-22,185
예술의전당 오페라극장,[2018 대한민국발레축제] 국립발레단 <안나 카레니나>,대관,2018-06-22,2018-06-24,7324
예술의전당 자유소극장,햄릿-The actor,대관,2018-06-22,2018-07-15,3951
예술의전당 콘서트홀,베르디 레퀴엠,대관,2018-06-22,2018-06-22,1168
예술의전당 한가람미술관,서경자 개인전 <명상 - 더 레드 인 블루>,대관,2018-06-22,2018-07-02,4570
예술의전당 IBK챔버홀,올림푸스와 함께하는“올림# 콘서트”,기획,2018-06-23,2018-06-23,536
예술의전당 IBK챔버홀,제10회 저스트 비바체 페스티벌 콘서트,대관,2018-06-23,2018-06-23,373
예술의전당 리사이틀홀,소프라노 고미현 교수 제26회 독창회,대관,2018-06-23,2018-06-23,152
예술의전당 콘서트홀,두드림 파라다이스,대관,2018-06-23,2018-06-23,1333
예술의전당 한가람미술관,제15회서초미술협회전,대관,2018-06-23,2018-07-01,2984
예술의전당 IBK챔버홀,가일 플레이어즈 정기연주회,대관,2018-06-24,2018-06-24,260
예술의전당 IBK챔버홀,모리스콰르텟 제21회 정기연주회,대관,2018-06-24,2018-06-24,280
예술의전당 리사이틀홀,이인 플루트 독주회,대관,2018-06-24,2018-06-24,138
예술의전당 리사이틀홀,이니스 앙상블 10주년 기념음악회,대관,2018-06-24,2018-06-24,270
예술의전당 콘서트홀,루체른 심포니,대관,2018-06-24,2018-06-24,1675
예술의전당 IBK챔버홀,"To Know, To Love 2018",대관,2018-06-26,2018-06-26,511
예술의전당 리사이틀홀,정정호 바이올린 독주회 <파가니니의 속삭임>,대관,2018-06-26,2018-06-26,96
예술의전당 콘서트홀,[창단30주년기념]부천시립합창단 제136회 정기연주회_위대한작곡가시리즈6(I) 라흐마니노프,대관,2018-06-26,2018-06-26,690
예술의전당 IBK챔버홀,2018 문화가 있는 날 SAC 아티스트 라운지(6월),기획,2018-06-27,2018-06-27,513
예술의전당 리사이틀홀,2018 PAN 목관 5중주 정기연주회,대관,2018-06-27,2018-06-27,171
예술의전당 콘서트홀,코리안심포니오케스트라 넥스트 스테이지 -  차웅.김범준,대관,2018-06-27,2018-06-27,754
예술의전당 IBK챔버홀,더 뉴 바로크 컴퍼니 프로젝트 #5,대관,2018-06-28,2018-06-28,157
예술의전당 콘서트홀,서울시향 2018 마르쿠스 슈텐츠의 모차르트 교향곡①,대관,2018-06-28,2018-06-28,1174
예술의전당 IBK챔버홀,서울아카데미앙상블 제86회 정기연주회,대관,2018-06-29,2018-06-29,399
예술의전당 리사이틀홀,박성열 피아노 독주회,대관,2018-06-29,2018-06-29,167
예술의전당 콘서트홀,서울시향 2018 마르쿠스 슈텐츠의 모차르트 교향곡②,대관,2018-06-29,2018-06-29,1253
예술의전당 한가람디자인미술관,‘The Loop’ - 텍스타일 디자인 展,대관,2018-06-29,2018-07-08,1459
예술의전당 IBK챔버홀,문지웅 튜바 독주회,대관,2018-06-30,2018-06-30,157
예술의전당 IBK챔버홀,앙상블 우리 제8회 정기연주회,대관,2018-06-30,2018-06-30,216
예술의전당 리사이틀홀,이소란 김진욱 듀오콘서트,대관,2018-06-30,2018-06-30,104
예술의전당 리사이틀홀,앙상블 포럼21 아홉번째 정기연주회,대관,2018-06-30,2018-06-30,159
예술의전당 콘서트홀,KBS교향악단 제731회 정기연주회,대관,2018-06-30,2018-06-30,1326
예술의전당 한가람미술관,니키 드 생팔展_마즈다 컬렉션,기획,2018-06-30,2018-09-25,42164
예술의전당 IBK챔버홀,신지연 피아노 독주회,대관,2018-07-01,2018-07-01,218
예술의전당 IBK챔버홀,앙상블 에스쁘아 제5회 정기연주회,대관,2018-07-01,2018-07-01,111
예술의전당 리사이틀홀,김우진 첼로 독주회,대관,2018-07-01,2018-07-01,161
예술의전당 리사이틀홀,김태영 색소폰 독주회,대관,2018-07-01,2018-07-01,175
예술의전당 콘서트홀,"하루키, 애니메이션 거장을 만나다",대관,2018-07-01,2018-07-01,2929
예술의전당 한가람디자인미술관,신미식 작가 x 윤쌍웅 작가 기증 작품전,대관,2018-07-01,2018-07-12,2046
예술의전당 IBK챔버홀,제 17회 국립오페라단  성악콩쿠르 본선,대관,2018-07-03,2018-07-03,331
예술의전당 리사이틀홀,조지현의 Beethoven Cycle 6회,대관,2018-07-03,2018-07-03,175
예술의전당 콘서트홀,세종솔로이스츠의 힉엣눙크! 서울 갈라콘서트,대관,2018-07-03,2018-07-03,1167
예술의전당 IBK챔버홀,이유현 피아노 리사이틀  ‘SCHUMANN’,대관,2018-07-04,2018-07-04,151
예술의전당 리사이틀홀,임지희 바이올린 독주회,대관,2018-07-04,2018-07-04,212
예술의전당 콘서트홀,제18회 코리아합창페스티벌 2,대관,2018-07-04,2018-07-04,1036
예술의전당 IBK챔버홀,심준호 귀국 첼로 독주회,대관,2018-07-05,2018-07-05,445
예술의전당 리사이틀홀,정진희 바이올린 독주회,대관,2018-07-05,2018-07-05,220
예술의전당 콘서트홀,[창단 30주년 기념]부천필하모닉오케스트라 제237회 정기연주회_말러가 바라본 베토벤,대관,2018-07-05,2018-07-05,1309
예술의전당 IBK챔버홀,The Winds '한 여름밤의 살롱 콘서트',대관,2018-07-06,2018-07-06,529
예술의전당 리사이틀홀,나채원 플루트 독주회,대관,2018-07-06,2018-07-06,217
예술의전당 콘서트홀,서울시향 2018 바흐의 요한 수난곡①,대관,2018-07-06,2018-07-06,1272
예술의전당 IBK챔버홀,"김다미, 문지영 듀오 리사이틀",대관,2018-07-07,2018-07-07,447
예술의전당 IBK챔버홀,2018 예술의전당 문화햇살콘서트 - 음악이 길이 되는 콘서트,기획,2018-07-07,2018-07-07,552
예술의전당 리사이틀홀,이재완 피아노 독주회,대관,2018-07-07,2018-07-07,154
예술의전당 리사이틀홀,이지현의 바순시리즈 3,대관,2018-07-07,2018-07-07,226
예술의전당 콘서트홀,서울시향 2018 바흐의 요한 수난곡②,대관,2018-07-07,2018-07-07,1326
예술의전당 IBK챔버홀,첼리스타 첼로앙상블 여름 음악회,대관,2018-07-08,2018-07-08,535
예술의전당 IBK챔버홀,한국플루트학회 제6회 정기연주회,대관,2018-07-08,2018-07-08,243
예술의전당 리사이틀홀,박고운 첼로 독주회,대관,2018-07-08,2018-07-08,323
예술의전당 리사이틀홀,권혜진 귀국 플루트 독주회,대관,2018-07-08,2018-07-08,234
예술의전당 오페라극장,뮤지컬 <웃는 남자>,대관,2018-07-08,2018-08-26,103389
예술의전당 콘서트홀,2018 제8회 연천DMZ국제음악제 8주년 기념음악회,대관,2018-07-08,2018-07-08,1713
예술의전당 IBK챔버홀,장애 비장애 통합 다원예술 콘서트,대관,2018-07-10,2018-07-10,364
예술의전당 리사이틀홀,차태현 트럼본 독주회,대관,2018-07-10,2018-07-10,160
예술의전당 콘서트홀,(사)뉴서울필하모닉 창단27주년 기념 정기연주회,대관,2018-07-10,2018-07-10,1123
예술의전당 한가람디자인미술관,이미 아직,대관,2018-07-10,2018-07-18,1237
예술의전당 IBK챔버홀,2018 코리안심포니오케스트라 실내악 시리즈 Ⅱ,대관,2018-07-11,2018-07-11,544
예술의전당 리사이틀홀,주동우 귀국 클라리넷 독주회,대관,2018-07-11,2018-07-11,160
예술의전당 콘서트홀,제6회 유럽오페라극장 주역가수 초청 오페라 갈라콘서트,대관,2018-07-11,2018-07-11,1553
예술의전당 IBK챔버홀,2018 클래식 스타 시리즈 - 테너 정호윤 & 소프라노 이명주,기획,2018-07-12,2018-07-12,431
예술의전당 리사이틀홀,강윤지 비올라 독주회,대관,2018-07-12,2018-07-12,187
예술의전당 콘서트홀,30년 달려오다 하성호와 서울팝스,대관,2018-07-12,2018-07-12,1793
예술의전당 콘서트홀,한화생명과 함께하는 예술의전당 11시콘서트(7월),기획,2018-07-12,2018-07-12,1788
예술의전당 IBK챔버홀,선화 PIANO 소사이어티 정기연주회,대관,2018-07-13,2018-07-13,500
예술의전당 리사이틀홀,김선옥 피아노 독주회-음악이 흐르는 피아노 VI,대관,2018-07-13,2018-07-13,167
예술의전당 콘서트홀,리오샴바달 - 경기필하모닉,대관,2018-07-13,2018-07-13,1007
예술의전당 한가람미술관,신카이마코토展  <별의 목소리>부터 <너의 이름은.>까지,대관,2018-07-13,2018-09-26,48532
예술의전당 IBK챔버홀,아즈앙상블 정기 연주회,대관,2018-07-14,2018-07-14,213
예술의전당 IBK챔버홀,헬로우샘오케스트라 기획콘서트,대관,2018-07-14,2018-07-14,520
예술의전당 리사이틀홀,서지원 플루트 독주회,대관,2018-07-14,2018-07-14,221
예술의전당 리사이틀홀,정담온 클라리넷 독주회,대관,2018-07-14,2018-07-14,190
예술의전당 IBK챔버홀,소프라노 양지영 리사이틀,대관,2018-07-15,2018-07-15,508
예술의전당 IBK챔버홀,앙상블 4PM 제2회 정기연주회,대관,2018-07-15,2018-07-15,222
예술의전당 리사이틀홀,한옥미 작곡 발표회,대관,2018-07-15,2018-07-15,28
예술의전당 리사이틀홀,제3회 누클레오 앙상블 정기연주회,대관,2018-07-15,2018-07-15,171
예술의전당 콘서트홀,2018 퀸 엘리자베스 콩쿠르 갈라 콘서트 인 서울,대관,2018-07-15,2018-07-15,1637
예술의전당 IBK챔버홀,앙상블 유니송 초청 연주회,대관,2018-07-17,2018-07-17,355
예술의전당 리사이틀홀,황지인 피아노 독주회,대관,2018-07-17,2018-07-17,239
예술의전당 콘서트홀,2018 교보 노블리에 콘서트,대관,2018-07-17,2018-07-17,2044
예술의전당 IBK챔버홀,2018 문화가 있는 날 SAC 아티스트 라운지(7월),기획,2018-07-18,2018-07-18,527
예술의전당 리사이틀홀,2018 조동현 클라리넷 독주회,대관,2018-07-18,2018-07-18,105
예술의전당 서울서예박물관,김세종민화컬렉션 - 판타지아 조선,기획,2018-07-18,2018-08-26,12241
예술의전당 콘서트홀,2018 교보 노블리에 콘서트,대관,2018-07-18,2018-07-18,2056
예술의전당 IBK챔버홀,서울챔버오케스트라 제92회 정기연주회,대관,2018-07-19,2018-07-19,358
예술의전당 리사이틀홀,손은정 피아노 독주회,대관,2018-07-19,2018-07-19,179
예술의전당 IBK챔버홀,한국문화예술위원회 공연예술창작산실 오작교 프로젝트,대관,2018-07-20,2018-07-20,393
예술의전당 리사이틀홀,이현주 플루트 독주회,대관,2018-07-20,2018-07-20,64
예술의전당 자유소극장,<똥방이와 리나>_예술의전당 어린이 가족 페스티벌,기획,2018-07-20,2018-07-29,3133
예술의전당 콘서트홀,KBS교향악단 제732회 정기연주회,대관,2018-07-20,2018-07-20,1136
예술의전당 IBK챔버홀,김유빈 플루트 리사이틀,대관,2018-07-21,2018-07-21,434
예술의전당 IBK챔버홀,제6회 나메(N.A.M.E.) 앙상블 정기연주회,대관,2018-07-21,2018-07-21,415
예술의전당 리사이틀홀,장우리 첼로 독주회,대관,2018-07-21,2018-07-21,239
예술의전당 리사이틀홀,최한결 귀국 피아노 독주회,대관,2018-07-21,2018-07-21,185
예술의전당 콘서트홀,신세계와 함께하는 2018 예술의전당 토요콘서트(7월),기획,2018-07-21,2018-07-21,1529
예술의전당 한가람디자인미술관,오! 에르베 튈레 색색깔깔展,대관,2018-07-21,2018-10-21,104367
예술의전당 IBK챔버홀,이신규 비올라 독주회,대관,2018-07-22,2018-07-22,255
예술의전당 IBK챔버홀,서울 나눔 클라리넷 앙상블 창단 10주년 기념음악회,대관,2018-07-22,2018-07-22,511
예술의전당 리사이틀홀,김수지 오보에 독주회,대관,2018-07-22,2018-07-22,121
예술의전당 리사이틀홀,이지현 피아노 독주회,대관,2018-07-22,2018-07-22,265
예술의전당 콘서트홀,프레디 켐프 피아노 리사이틀,대관,2018-07-22,2018-07-22,725
예술의전당 자유소극장,<평강공주와 온달바보>_예술의전당 어린이 가족 페스티벌,기획,2018-07-31,2018-08-12,4244
예술의전당 서울서예박물관,원곡서예상 40주년 기념전,기획,2018-08-06,2018-08-19,2116
예술의전당 IBK챔버홀,현대음악앙상블 소리 2018 기획연주회,대관,2018-08-07,2018-08-07,128
예술의전당 리사이틀홀,박해미 귀국 플루트 독주회,대관,2018-08-07,2018-08-07,229
예술의전당 콘서트홀,더 멘즈 콰이어 창단 10주년 기념음악회,대관,2018-08-07,2018-08-07,1722
예술의전당 IBK챔버홀,곤지암 우드윈드 페스티벌 2018,대관,2018-08-08,2018-08-08,333
예술의전당 리사이틀홀,조혜정 피아노 독주회,대관,2018-08-08,2018-08-08,247
예술의전당 콘서트홀,달빛의 선율,대관,2018-08-08,2018-08-08,1020
예술의전당 IBK챔버홀,한국을 빛내는 목소리,대관,2018-08-09,2018-08-09,340
예술의전당 리사이틀홀,권수미 유지수 피아노 두오 리사이틀,대관,2018-08-09,2018-08-09,198
예술의전당 콘서트홀,(사)서울오케스트라 이음콘서트,대관,2018-08-09,2018-08-09,989
예술의전당 콘서트홀,한화생명과 함께하는 예술의전당 11시콘서트(8월),기획,2018-08-09,2018-08-09,2145
예술의전당 리사이틀홀,최아름 귀국 오보에 독주회,대관,2018-08-10,2018-08-10,148
예술의전당 콘서트홀,Club M  클럽 엠   La Belle Epoque : 새로운 시대,대관,2018-08-10,2018-08-10,1191
예술의전당 IBK챔버홀,수다 플루트 플러스,대관,2018-08-11,2018-08-11,220
예술의전당 IBK챔버홀,코리아목관앙상블 2018 정기연주회_영상과 해설이 있는 여름 음악여행 시리즈,대관,2018-08-11,2018-08-11,207
예술의전당 리사이틀홀,김진호 색소폰 독주회,대관,2018-08-11,2018-08-11,141
예술의전당 리사이틀홀,해설이 있는 청소년 음악회 감탄사 시리즈 4,대관,2018-08-11,2018-08-11,339
예술의전당 콘서트홀,팬아시아필하모니아와 음악칼럼니스트 장일범이 함께 하는 세계음악여행,대관,2018-08-11,2018-08-11,1390
예술의전당 IBK챔버홀,"베이스 바리톤 김종국, 첼리스트 장은령의 부부싸움콘서트 투게더 II",대관,2018-08-12,2018-08-12,232
예술의전당 IBK챔버홀,2018 이럴때 이런음악 15주년 기념 해설이 있는 청소년을 위한 음악회,대관,2018-08-12,2018-08-12,380
예술의전당 리사이틀홀,변진 튜바 귀국 독주회,대관,2018-08-12,2018-08-12,240
예술의전당 리사이틀홀,해설이 있는 청소년 음악회 감탄사 시리즈 5,대관,2018-08-12,2018-08-12,327
예술의전당 콘서트홀,여름방학 해설이 있는 청소년 음악회7,대관,2018-08-12,2018-08-12,2385
예술의전당 IBK챔버홀,스누아첼로앙상블 정기연주회 IV,대관,2018-08-14,2018-08-14,480
예술의전당 리사이틀홀,박동석 귀국 바이올린 독주회,대관,2018-08-14,2018-08-14,210
예술의전당 자유소극장,<빅토리아의 100번째 생일>_예술의전당 어린이 가족 페스티벌,기획,2018-08-14,2018-08-26,2744
예술의전당 콘서트홀,목프로덕션 여름밤 음악회 <더 클래식: 바흐>,대관,2018-08-14,2018-08-14,1547
예술의전당 IBK챔버홀,2018 이럴때 이런음악 15주년기념 해설이 있는 청소년을 위한 음악회,대관,2018-08-15,2018-08-15,471
예술의전당 리사이틀홀,서울클라리넷 앙상블과 함께하는 청소년음악회,대관,2018-08-15,2018-08-15,203
예술의전당 콘서트홀,2018 한민족합창축제,대관,2018-08-15,2018-08-15,1330
예술의전당 IBK챔버홀,오케스트라 앙상블 서울 OES의 베토벤 시리즈 I (2018-2020),대관,2018-08-16,2018-08-16,459
예술의전당 리사이틀홀,장진선 귀국 바이올린 독주회,대관,2018-08-16,2018-08-16,311
예술의전당 콘서트홀,2018 한민족합창축제,대관,2018-08-16,2018-08-16,942
예술의전당 IBK챔버홀,에스 솔로이스츠 제3회 정기연주회,대관,2018-08-17,2018-08-17,365
예술의전당 리사이틀홀,김지현 작곡발표회 - 점이 움직이는 자리,대관,2018-08-17,2018-08-17,118
예술의전당 IBK챔버홀,매직피아노 앤 쇼팽쇼츠,대관,2018-08-18,2018-08-18,411
예술의전당 IBK챔버홀,조성현 플루트 리사이틀,대관,2018-08-18,2018-08-18,414
예술의전당 리사이틀홀,윤보라 귀국 클라리넷 독주회,대관,2018-08-18,2018-08-18,199
예술의전당 리사이틀홀,바이올리니스트 변예진＆박경화 듀오 리사이틀,대관,2018-08-18,2018-08-18,171
예술의전당 콘서트홀,신세계와 함께하는 2018 예술의전당 토요콘서트(8월),기획,2018-08-18,2018-08-18,1485
예술의전당 콘서트홀,제26회 유나이티드 필하모닉 오케스트라와 함께하는 가족음악회,대관,2018-08-18,2018-08-18,1895
예술의전당 IBK챔버홀,카메라타 안티콰 서울이 전하는 바로크 음악 이야기 ⅩⅣ,대관,2018-08-19,2018-08-19,408
예술의전당 리사이틀홀,김수현 피아노 독주회,대관,2018-08-19,2018-08-19,186
예술의전당 리사이틀홀,오병철 플루트 독주회,대관,2018-08-19,2018-08-19,205
예술의전당 IBK챔버홀,비르투오조 하피스트 엠마누엘 세송,대관,2018-08-21,2018-08-21,564
예술의전당 리사이틀홀,김지원 바이올린 독주회,대관,2018-08-21,2018-08-21,83
예술의전당 콘서트홀,2018 라벨라 시그니처 시리즈 그랜드 갈라 1,대관,2018-08-21,2018-08-21,1449
예술의전당 리사이틀홀,한지희 귀국 비올라 독주회,대관,2018-08-22,2018-08-22,311
예술의전당 콘서트홀,제16회 코리아니쉬 플루트 오케스트라 정기연주회,대관,2018-08-22,2018-08-22,1791
예술의전당 CJ 토월극장,<피노키오>_예술의전당 어린이 가족 페스티벌,기획,2018-08-23,2018-09-02,4486
예술의전당 IBK챔버홀,토너스 트리오 고전과 낭만 사이 I,대관,2018-08-23,2018-08-23,213
예술의전당 리사이틀홀,국제교류초청 프리즘 앙상블 제1회 정기연주회 하나되어,대관,2018-08-23,2018-08-23,259
예술의전당 콘서트홀,KBS교향악단 제733회 정기연주회,대관,2018-08-23,2018-08-23,1773
예술의전당 IBK챔버홀,메조 소프라노 김선정 독창회,대관,2018-08-24,2018-08-24,281
예술의전당 리사이틀홀,신미정 피아노 독주회,대관,2018-08-24,2018-08-24,165
예술의전당 콘서트홀,KBS교향악단 제733회 정기연주회-기부콘서트,대관,2018-08-24,2018-08-24,1679
예술의전당 IBK챔버홀,발트 앙상블 아티스트 시리즈 2,대관,2018-08-25,2018-08-25,566
예술의전당 IBK챔버홀,소프라노 이현민과 함께하는 음악극 시리즈 I - Menotti,대관,2018-08-25,2018-08-25,168
예술의전당 리사이틀홀,김상애 플루트 독주회,대관,2018-08-25,2018-08-25,315
예술의전당 리사이틀홀,SU Camerata 정기연주회,대관,2018-08-25,2018-08-25,102
예술의전당 신세계스퀘어 야외무대,2018 예술의전당 가곡의 밤_SAC CUBE 2018,기획,2018-08-25,2018-08-26,5000
예술의전당 콘서트홀,서울윈드앙상블 제101회 정기연주회,대관,2018-08-25,2018-08-25,1696
예술의전당 IBK챔버홀,앙상블 홀츠 제7회 정기연주회,대관,2018-08-26,2018-08-26,150
예술의전당 리사이틀홀,박혜진 바이올린 독주회,대관,2018-08-26,2018-08-26,133
예술의전당 리사이틀홀,정민경 피아노 독주회 Variations,대관,2018-08-26,2018-08-26,236
예술의전당 콘서트홀,애니메이션 OST 어벤져스 페스티벌,대관,2018-08-26,2018-08-26,1714
예술의전당 IBK챔버홀,KCO 트로이카콘서트 시리즈 20,대관,2018-08-28,2018-08-28,399
예술의전당 리사이틀홀,로랑까바소 ＆ 이교은 듀오 콘서트,대관,2018-08-28,2018-08-28,280
예술의전당 콘서트홀,아리랑코러스 서울 제3회 정기연주회 -칸타타 한강,대관,2018-08-28,2018-08-28,1217
예술의전당 IBK챔버홀,2018 문화가 있는 날 SAC 아티스트 라운지(8월),기획,2018-08-29,2018-08-29,523
예술의전당 리사이틀홀,이수민 비올라 독주회,대관,2018-08-29,2018-08-29,124
예술의전당 자유소극장,김삼진의 사자의 서,대관,2018-08-29,2018-08-30,380
예술의전당 IBK챔버홀,알테무지크서울 제16회 정기연주회_비발디의 사계 우리의 사계,대관,2018-08-30,2018-08-30,417
예술의전당 리사이틀홀,제3회 클라쎄아트 정기연주회,대관,2018-08-30,2018-08-30,116
예술의전당 서울서예박물관,2018 서예초대작가전,대관,2018-08-30,2018-09-05,888
예술의전당 콘서트홀,숭실OB남성합창단 창단 45주년 제38회 정기연주회,대관,2018-08-30,2018-08-30,1007
예술의전당 IBK챔버홀,유터피 목관오중주단 제13회 정기연주회,대관,2018-08-31,2018-08-31,233
예술의전당 리사이틀홀,브람스를 좋아하세요... 비올리스트 임요섭 독주회,대관,2018-08-31,2018-08-31,208
예술의전당 콘서트홀,포스메가남성합창단 제27회 정기연주회,대관,2018-08-31,2018-08-31,1359
예술의전당 IBK챔버홀,테너 이영화 독창회,대관,2018-09-01,2018-09-01,316
예술의전당 IBK챔버홀,최용기 클라리넷 독주회,대관,2018-09-01,2018-09-01,296
예술의전당 리사이틀홀,이보경 바이올린 독주회,대관,2018-09-01,2018-09-01,264
예술의전당 리사이틀홀,베토벤 바이올린 소나타 전곡시리즈 I,대관,2018-09-01,2018-09-01,187
예술의전당 신세계스퀘어 야외무대,2018 예술의전당 가곡의 밤_SAC CUBE 2018,기획,2018-09-01,2018-09-01,3000
예술의전당 콘서트홀,[창단 30주년 기념]부천필하모닉오케스트라 베스트 클래식 시리즈 Ⅲ_리스트와 베를리오즈,대관,2018-09-01,2018-09-01,1124
예술의전당 IBK챔버홀,서울시향 2018 실내악 시리즈 V,대관,2018-09-02,2018-09-02,314
예술의전당 IBK챔버홀,KCO 스트링 콰르텟 제17회 정기연주회,대관,2018-09-02,2018-09-02,340
예술의전당 리사이틀홀,이송희 첼로 독주회,대관,2018-09-02,2018-09-02,170
예술의전당 리사이틀홀,박종화 피아노 독주회,대관,2018-09-02,2018-09-02,218
예술의전당 콘서트홀,정명훈 & 원 코리아 오케스트라 <평화콘서트>,대관,2018-09-02,2018-09-02,1698
예술의전당 IBK챔버홀,소프라노 박경신 독창회 H.Wolf&G.Mahler 가곡의 밤,대관,2018-09-04,2018-09-04,219
예술의전당 리사이틀홀,계명선 피아노 독주회,대관,2018-09-04,2018-09-04,289
예술의전당 콘서트홀,영혼을 울리는 음악회 V,대관,2018-09-04,2018-09-04,1315
예술의전당 CJ 토월극장,2018 K-Ballet World 월드발레스타 갈라,대관,2018-09-05,2018-09-06,899
예술의전당 IBK챔버홀,피아노듀오 베리오자 귀국 리사이틀,대관,2018-09-05,2018-09-05,240
예술의전당 리사이틀홀,The Artist,대관,2018-09-05,2018-09-05,70
예술의전당 콘서트홀,조수미 콘서트 One Night in Paris #1,대관,2018-09-05,2018-09-05,2389
예술의전당 IBK챔버홀,배장흠과 친구들 콘서트,대관,2018-09-06,2018-09-06,279
예술의전당 리사이틀홀,피아니스트 정다슬 초청 독주회,대관,2018-09-06,2018-09-06,110
예술의전당 오페라극장,국립오페라단 코지 판 투테,대관,2018-09-06,2018-09-09,3947
예술의전당 자유소극장,국립현대무용단 스텝업,대관,2018-09-06,2018-09-09,796
예술의전당 IBK챔버홀,베이스 손혜수 리사이틀,대관,2018-09-07,2018-09-07,384
예술의전당 리사이틀홀,김나영 피아노 독주회 내 마음의 보석상자 X,대관,2018-09-07,2018-09-07,208
예술의전당 서울서예박물관,제15회한중일대한민국동양서예대전,대관,2018-09-07,2018-09-16,1333
예술의전당 콘서트홀,서울시향 2018 리오넬 브랑기에의 프로코피에프,대관,2018-09-07,2018-09-07,1228
예술의전당 CJ 토월극장,발레 스페셜 갈라,대관,2018-09-08,2018-09-09,883
예술의전당 IBK챔버홀,독일 만하임 챔버오케스트라 내한공연,대관,2018-09-08,2018-09-08,339
예술의전당 IBK챔버홀,2018 문화햇살콘서트 - 음악이 나눔이 되는 콘서트,기획,2018-09-08,2018-09-08,527
예술의전당 리사이틀홀,양경아 바이올린 독주회,대관,2018-09-08,2018-09-08,150
예술의전당 리사이틀홀,트리오 알투스 정기연주회,대관,2018-09-08,2018-09-08,252
예술의전당 서울서예박물관,성파 옻칠섬유 예술전,대관,2018-09-08,2018-09-15,2360
예술의전당 신세계스퀘어 야외무대,2018 예술의전당 가곡의 밤_SAC CUBE 2018,기획,2018-09-08,2018-09-08,3000
예술의전당 콘서트홀,마시모자네티 - 경기필하모닉,대관,2018-09-08,2018-09-08,945
예술의전당 IBK챔버홀,Piotr Kupka 피아노 독주회,대관,2018-09-09,2018-09-09,388
예술의전당 IBK챔버홀,비루투오조 트롬본 앙상블 제9회 정기연주회,대관,2018-09-09,2018-09-09,306
예술의전당 리사이틀홀,이태정 바이올린 독주회 Classical Passion VIII,대관,2018-09-09,2018-09-09,120
예술의전당 콘서트홀,김선욱 피아노 리사이틀,대관,2018-09-09,2018-09-09,1886
예술의전당 IBK챔버홀,첼리스트 주연선 리사이틀,대관,2018-09-11,2018-09-11,325
예술의전당 리사이틀홀,조사방 작곡발표회 <2018>,대관,2018-09-11,2018-09-11,76
예술의전당 콘서트홀,Gold & Wise Concert 정경화 & 조성진 듀오 콘서트,기획,2018-09-11,2018-09-11,1479
예술의전당 IBK챔버홀,라 메르 에 릴(바다와섬) 제13회 정기연주회,대관,2018-09-12,2018-09-12,255
예술의전당 리사이틀홀,2018 대한민국실내악작곡제전 IV,대관,2018-09-12,2018-09-12,164
예술의전당 신세계스퀘어 야외무대,2018년 제7회 서초골음악회,기획,2018-09-12,2018-09-12,750
예술의전당 콘서트홀,예술의전당 개관30주년 기념-월드 프리미어 시리즈 II <정경화 & 조성진 듀오 콘서트>,기획,2018-09-12,2018-09-12,2455
예술의전당 IBK챔버홀,90인의 피아니스트와 함께하는 정진우 교수 90회 생신 기념 음악회,대관,2018-09-13,2018-09-13,510
예술의전당 리사이틀홀,이지현 첼로 독주회,대관,2018-09-13,2018-09-13,201
예술의전당 콘서트홀,코리안심포니오케스트라 제207회 정기연주회,대관,2018-09-13,2018-09-13,994
예술의전당 콘서트홀,한화생명과 함께하는 예술의전당 11시콘서트(9월),기획,2018-09-13,2018-09-13,1831
예술의전당 IBK챔버홀,제3회 더 스트링스 정기연주회,대관,2018-09-14,2018-09-14,200
예술의전당 리사이틀홀,정광준 첼로 독주회,대관,2018-09-14,2018-09-14,312
예술의전당 콘서트홀,서울시향 2018 미클로시 페레니의 차이콥스키①,대관,2018-09-14,2018-09-14,1351
예술의전당 IBK챔버홀,숙명트리오 창단 20주년 기념음악회,대관,2018-09-15,2018-09-15,158
예술의전당 리사이틀홀,소프라노 전유진 독창회,대관,2018-09-15,2018-09-15,244
예술의전당 콘서트홀,서울시향 2018 미클로시 페레니의 차이콥스키②,대관,2018-09-15,2018-09-15,1548
예술의전당 콘서트홀,신세계와 함께하는 2018 예술의전당 토요콘서트(9월),기획,2018-09-15,2018-09-15,1290
예술의전당 IBK챔버홀,예일 앙상블 플레이어스 콘서트,대관,2018-09-16,2018-09-16,180
예술의전당 IBK챔버홀,피아니스트 이윤수의 슈만 전곡 시리즈 II Symphony,대관,2018-09-16,2018-09-16,312
예술의전당 리사이틀홀,김소연 첼로 독주회,대관,2018-09-16,2018-09-16,227
예술의전당 리사이틀홀,바로크와 현대가곡연구회 제81회 정기연주회,대관,2018-09-16,2018-09-16,92
예술의전당 신세계스퀘어 야외무대,7080세대가 전하는 희망의 메시지,대관,2018-09-16,2018-09-16,1500
예술의전당 콘서트홀,2018 예술의전당 회원음악회,기획,2018-09-16,2018-09-16,3511
예술의전당 한가람미술관,"한국, 프랑스 구상회화전 - 이영희, 길",대관,2018-09-17,2018-10-31,11548
예술의전당 IBK챔버홀,그리움 앙상블       ‘G.rium(그리움)을 담다’,대관,2018-09-18,2018-09-18,424
예술의전당 리사이틀홀,서계숙 교수 동문음악회,대관,2018-09-18,2018-09-18,136
예술의전당 콘서트홀,국립합창단 제174회 정기연주회 모차르트의 C단조 미사(대미사),대관,2018-09-18,2018-09-18,1347
예술의전당 IBK챔버홀,2018 문화가 있는 날 SAC 아티스트 라운지(9월),기획,2018-09-19,2018-09-19,443
예술의전당 리사이틀홀,김문정 피아노 독주회,대관,2018-09-19,2018-09-19,233
예술의전당 콘서트홀,제70주년 국군의 날 기념 2018 국군교향악단 정기연주회,대관,2018-09-19,2018-09-19,980
예술의전당 IBK챔버홀,바흐솔리스텐서울 바흐칸타타시리즈 VIII,대관,2018-09-20,2018-09-20,381
예술의전당 리사이틀홀,박노을 첼로 독주회,대관,2018-09-20,2018-09-20,142
예술의전당 콘서트홀,과천시립교향악단제56회정기연주회,대관,2018-09-20,2018-09-20,823
예술의전당 IBK챔버홀,테너 김홍태와 바리톤 홍성진의 함께하는 음악여정,대관,2018-09-21,2018-09-21,456
예술의전당 리사이틀홀,강주이 비올라 독주회,대관,2018-09-21,2018-09-21,192
예술의전당 서울서예박물관,SACCalliFe 2018 - 한국 서예의 미래 <청춘의 농담濃淡>,기획,2018-09-21,2018-10-14,3059
예술의전당 콘서트홀,서울시민을 위한 가을콘서트,대관,2018-09-21,2018-09-21,977
예술의전당 IBK챔버홀,박기범 트럼펫 독주회,대관,2018-09-27,2018-09-27,227
예술의전당 리사이틀홀,선정원 피아노 독주회,대관,2018-09-27,2018-09-27,178
예술의전당 자유소극장,서울국제컴퓨터음악제 2018,대관,2018-09-27,2018-09-30,327
예술의전당 콘서트홀,한국의 얼과 도산 안창호,대관,2018-09-27,2018-09-27,981
예술의전당 IBK챔버홀,소프라노 정기옥 독창회,대관,2018-09-28,2018-09-28,365
예술의전당 콘서트홀,KBS교향악단 제734회 정기연주회,대관,2018-09-28,2018-09-28,1548
예술의전당 IBK챔버홀,건우회 제6회 정기연주회,대관,2018-09-29,2018-09-29,535
예술의전당 IBK챔버홀,서울챔버앙상블 제67회 정기연주회,대관,2018-09-29,2018-09-29,427
예술의전당 리사이틀홀,손연지 오보에 독주회,대관,2018-09-29,2018-09-29,128
예술의전당 리사이틀홀,미시간 피아노 카메라타 제13회 정기연주회,대관,2018-09-29,2018-09-29,191
예술의전당 콘서트홀,The New Vision Concert,대관,2018-09-29,2018-09-29,1928
예술의전당 IBK챔버홀,조인선 작곡 발표회,대관,2018-09-30,2018-09-30,356
예술의전당 리사이틀홀,이진화 피아노 독주회,대관,2018-09-30,2018-09-30,194
예술의전당 리사이틀홀,나예지 귀국 피아노 독주회,대관,2018-09-30,2018-09-30,77
예술의전당 콘서트홀,음악원 25주년 기념 피아노 오케스트라 콘서트,대관,2018-09-30,2018-09-30,1546
예술의전당 CJ 토월극장,창작가무극   다윈 영의 악의 기원,대관,2018-10-02,2018-10-07,4620
예술의전당 IBK챔버홀,베네플루티 앙상블 제8회 정기연주회,대관,2018-10-02,2018-10-02,372
예술의전당 리사이틀홀,이정아 귀국 피아노 독주회,대관,2018-10-02,2018-10-02,230
예술의전당 자유소극장,제21회 서울세계무용축제(SIDance 2018),대관,2018-10-02,2018-10-14,1475
예술의전당 콘서트홀,수원시립합창단 제169회 정기연주회,대관,2018-10-02,2018-10-02,1031
예술의전당 IBK챔버홀,데이비드 러셀 기타 리사이틀,대관,2018-10-03,2018-10-03,586
예술의전당 리사이틀홀,김성은 비올라 독주회,대관,2018-10-03,2018-10-03,181
예술의전당 콘서트홀,고양필하모닉오케스트라 로맨틱 칸타빌레,대관,2018-10-03,2018-10-03,1989
예술의전당 IBK챔버홀,정준수 바이올린 독주회,대관,2018-10-04,2018-10-04,294
예술의전당 리사이틀홀,김수연 바이올린 독주회,대관,2018-10-04,2018-10-04,200
예술의전당 신세계스퀘어 야외무대,music in the dark,대관,2018-10-04,2018-10-04,500
예술의전당 콘서트홀,"지휘자 윤학원, 합창 인생 60주년 기념 음악회",대관,2018-10-04,2018-10-04,1283
예술의전당 한가람미술관,신현호 개인전,대관,2018-10-04,2018-10-08,1504
예술의전당 한가람미술관,예술의전당 개관 30주년 작가스튜디오 역대 작가전,기획,2018-10-04,2018-10-08,4005
예술의전당 한가람미술관,2018 KPAM 대한민국미술제,대관,2018-10-04,2018-10-08,5823
예술의전당 IBK챔버홀,트리오 콘 스피리토 결성 10주년 기념 연주회,대관,2018-10-05,2018-10-05,418
예술의전당 리사이틀홀,라세원 비올라 독주회,대관,2018-10-05,2018-10-05,119
예술의전당 콘서트홀,모차르트 오페라 콘체르탄테 - 돈 조반니,대관,2018-10-05,2018-10-05,1275
예술의전당 IBK챔버홀,피아니스트 문정재의 Sound Track,대관,2018-10-06,2018-10-06,479
예술의전당 IBK챔버홀,지음클라리넷앙상블 제 16회 정기연주회,대관,2018-10-06,2018-10-06,275
예술의전당 리사이틀홀,박정도 트롬본 독주회,대관,2018-10-06,2018-10-06,250
예술의전당 리사이틀홀,김성혜 바이올린 독주회,대관,2018-10-06,2018-10-06,251
예술의전당 신세계스퀘어 야외무대,2018 대한민국 무용대상,대관,2018-10-06,2018-10-07,1500
예술의전당 콘서트홀,김정원 피아노 전국 투어 리사이틀,대관,2018-10-06,2018-10-06,735
예술의전당 IBK챔버홀,조영방 교수 퇴임음악회,대관,2018-10-07,2018-10-07,381
예술의전당 IBK챔버홀,코리아싱어즈 창단 20주년 기념음악회,대관,2018-10-07,2018-10-07,498
예술의전당 리사이틀홀,고연경 바이올린 독주회,대관,2018-10-07,2018-10-07,58
예술의전당 리사이틀홀,서주희 바이올린 독주회,대관,2018-10-07,2018-10-07,150
예술의전당 콘서트홀,손열음의 [아마데우스],대관,2018-10-07,2018-10-07,1923
예술의전당 IBK챔버홀,서울아르스플루트앙상블 제3회 정기연주회,대관,2018-10-09,2018-10-09,315
예술의전당 리사이틀홀,김유지 바이올린 독주회,대관,2018-10-09,2018-10-09,181
예술의전당 오페라극장,가족오페라 헨젤과 그레텔,대관,2018-10-09,2018-10-13,4895
예술의전당 콘서트홀,대전시립합창단 서울특별연주회,대관,2018-10-09,2018-10-09,1136
예술의전당 IBK챔버홀,앙상블 에클라 2018 정기연주회,대관,2018-10-10,2018-10-10,167
예술의전당 리사이틀홀,김규동 작곡 발표회 - 인상(印象) · II,대관,2018-10-10,2018-10-10,49
예술의전당 콘서트홀,님을 위한 심포니,대관,2018-10-10,2018-10-10,1240
예술의전당 IBK챔버홀,The Pianists Series 1  바네사 모젤 리사이틀,대관,2018-10-11,2018-10-11,102
예술의전당 리사이틀홀,임재홍 바이올린 독주회,대관,2018-10-11,2018-10-11,194
예술의전당 콘서트홀,한화생명과 함께하는 예술의전당 11시콘서트(10월),기획,2018-10-11,2018-10-11,1922
예술의전당 한가람미술관,2018마니프서울국제아트페어,대관,2018-10-11,2018-10-30,17162
예술의전당 CJ 토월극장,국립현대무용단 <쓰리 볼레로>,대관,2018-10-12,2018-10-14,2591
예술의전당 IBK챔버홀,모리스콰르텟 제22회 정기연주회,대관,2018-10-12,2018-10-12,212
예술의전당 리사이틀홀,서울예술가곡연구회 제 61회 정기연주회,대관,2018-10-12,2018-10-12,129
예술의전당 콘서트홀,서울시향2018 번스타인 100주년기념 오페레타 캔디드①,대관,2018-10-12,2018-10-12,1327
예술의전당 IBK챔버홀,서울챔버오케스트라 제93회 정기연주회,대관,2018-10-13,2018-10-13,296
예술의전당 리사이틀홀,Great B,대관,2018-10-13,2018-10-13,125
예술의전당 리사이틀홀,오지현 첼로 독주회,대관,2018-10-13,2018-10-13,158
예술의전당 콘서트홀,서울시향2018 번스타인 100주년기념 오페레타 캔디드②,대관,2018-10-13,2018-10-13,1262
예술의전당 IBK챔버홀,5인 초청 비르투오조 콘서트,대관,2018-10-14,2018-10-14,94
예술의전당 IBK챔버홀,홀트장애인합창단'영혼의 소리로' 2018 정기공연,대관,2018-10-14,2018-10-14,420
예술의전당 리사이틀홀,신지혜 오보에 독주회,대관,2018-10-14,2018-10-14,164
예술의전당 리사이틀홀,제3회 트리오 우드노트 정기연주회,대관,2018-10-14,2018-10-14,147
예술의전당 콘서트홀,클라라 주미강 & 알레시오 백스 듀오 리사이틀,대관,2018-10-14,2018-10-14,1172
예술의전당 IBK챔버홀,제3회 대한민국 성악제 - 한국가곡 이야기,대관,2018-10-16,2018-10-16,244
예술의전당 리사이틀홀,손정애 피아노 독주회,대관,2018-10-16,2018-10-16,159
예술의전당 콘서트홀,2018 한국합창대제전,대관,2018-10-16,2018-10-16,1037
예술의전당 IBK챔버홀,오신정 플루트 독주회,대관,2018-10-17,2018-10-17,253
예술의전당 리사이틀홀,아이테르 트리오 제7회 정기연주회,대관,2018-10-17,2018-10-17,100
예술의전당 콘서트홀,효성과 함께 하는 요요 마 ＆ 실크로드 앙상블,대관,2018-10-17,2018-10-17,1686
예술의전당 CJ 토월극장,국립창극단 <변강쇠 점 찍고 옹녀>,대관,2018-10-18,2018-10-21,2514
예술의전당 IBK챔버홀,4대의 오르간으로 만나는 “명작”,대관,2018-10-18,2018-10-18,494
예술의전당 리사이틀홀,신윤경 비올라 독주회,대관,2018-10-18,2018-10-18,260
예술의전당 콘서트홀,2018년 제10회 세일 한국가곡의 밤,대관,2018-10-18,2018-10-18,1392
예술의전당 IBK챔버홀,서울시향 2018 아르스 노바 III: 실내악 콘서트,대관,2018-10-19,2018-10-19,242
예술의전당 리사이틀홀,한경진 바이올린 독주회,대관,2018-10-19,2018-10-19,155
예술의전당 서울서예박물관,"성각스님의 선서화-선묵의 세계, 그 여백과 여유",대관,2018-10-19,2018-10-23,1036
예술의전당 오페라극장,<네덜란드 댄스시어터 I> 내한공연,기획,2018-10-19,2018-10-21,4229
예술의전당 콘서트홀,KBS교향악단 제735회 정기연주회,대관,2018-10-19,2018-10-19,1319
예술의전당 IBK챔버홀,주한독일문화원 개관 50주년 페스티벌,대관,2018-10-20,2018-10-20,341
예술의전당 리사이틀홀,원진경 첼로 독주회,대관,2018-10-20,2018-10-20,262
예술의전당 리사이틀홀,오보에 앙상블 The Piri 제14회 정기연주회,대관,2018-10-20,2018-10-20,91
예술의전당 자유소극장,연인들은 바닥없는 호수에서 헤엄친다,대관,2018-10-20,2018-10-21,321
예술의전당 콘서트홀,"바리톤 김성길, 이응광 가곡 콘서트",대관,2018-10-20,2018-10-20,1265
예술의전당 콘서트홀,신세계와 함께하는 2018 예술의전당 토요콘서트(10월),기획,2018-10-20,2018-10-20,1568
예술의전당 IBK챔버홀,주한독일문화원 개관 50주년 페스티벌,대관,2018-10-21,2018-10-21,657
예술의전당 리사이틀홀,김정미 피아노 독주회,대관,2018-10-21,2018-10-21,89
예술의전당 리사이틀홀,이연주 오보에 독주회,대관,2018-10-21,2018-10-21,167
예술의전당 콘서트홀,합창단 음악이있는마을 제18회 정기연주회,대관,2018-10-21,2018-10-21,1340
예술의전당 IBK챔버홀,2018 클래식 스타 시리즈 - 칼라치 스트링 콰르텟,기획,2018-10-23,2018-10-23,344
예술의전당 리사이틀홀,차혜수 귀국 첼로 독주회,대관,2018-10-23,2018-10-23,234
예술의전당 자유소극장,우리춤과의 만남,대관,2018-10-23,2018-10-28,779
예술의전당 콘서트홀,코리안심포니오케스트라 제208회 정기연주회,대관,2018-10-23,2018-10-23,1003
예술의전당 IBK챔버홀,운지회 체임버 오케스트라 시리즈 XIII,대관,2018-10-24,2018-10-24,212
예술의전당 리사이틀홀,김수현 바이올린 독주회,대관,2018-10-24,2018-10-24,283
예술의전당 서울서예박물관,제19회 대한민국문인화대전,대관,2018-10-24,2018-10-29,880
예술의전당 오페라극장,러시아 노보시비르스크 국립오페라발레극장 솔리스트 초청,대관,2018-10-24,2018-10-25,1750
예술의전당 콘서트홀,서울모테트합창단 창단30주년기념 마스터피스 시리즈 I F. Mendelssohn Elias,대관,2018-10-24,2018-10-24,898
예술의전당 한가람디자인미술관,디지털 플래너리,대관,2018-10-24,2018-10-31,1012
예술의전당 IBK챔버홀,김민지 첼로 독주회,대관,2018-10-25,2018-10-25,309
예술의전당 리사이틀홀,피아니스트 김소연 초청 리사이틀,대관,2018-10-25,2018-10-25,170
예술의전당 콘서트홀,Opera 라 트라비아타 in Concert,대관,2018-10-25,2018-10-25,1159
예술의전당 IBK챔버홀,제8회 예무스 정기연주회,대관,2018-10-26,2018-10-26,393
예술의전당 리사이틀홀,미래악회 제43회 정기연주회,대관,2018-10-26,2018-10-26,66
예술의전당 콘서트홀,서울시향 2018 아르스 노바 IV: 관현악 콘서트,대관,2018-10-26,2018-10-26,861
예술의전당 한가람디자인미술관,만화와 도자기의 만남전,대관,2018-10-26,2018-11-04,2284
예술의전당 한가람디자인미술관,<찰나 · 동행> 춤 아카이브 사진전,대관,2018-10-26,2018-11-04,2223
예술의전당 IBK챔버홀,이무지치와 한경필하모닉,대관,2018-10-27,2018-10-27,515
예술의전당 IBK챔버홀,서울페스티발앙상블 제4회 정기연주회,대관,2018-10-27,2018-10-27,375
예술의전당 리사이틀홀,이주희 플루트 독주회,대관,2018-10-27,2018-10-27,255
예술의전당 리사이틀홀,트리오 루체 정기연주회,대관,2018-10-27,2018-10-27,122
예술의전당 콘서트홀,제29회 이건음악회,대관,2018-10-27,2018-10-27,4155
예술의전당 IBK챔버홀,아코디언 가을판타지아,대관,2018-10-28,2018-10-28,533
예술의전당 IBK챔버홀,제157회 서울신포니에타 정기연주회,대관,2018-10-28,2018-10-28,448
예술의전당 리사이틀홀,이윤주 귀국 첼로 독주회,대관,2018-10-28,2018-10-28,341
예술의전당 리사이틀홀,이창형 콘트라베이스 독주회,대관,2018-10-28,2018-10-28,137
예술의전당 콘서트홀,예프게니 키신 피아노 리사이틀,대관,2018-10-28,2018-10-28,2418
예술의전당 IBK챔버홀,앙상블 ‘공간’ 프로젝트 아홉 번째 이야기,대관,2018-10-30,2018-10-30,264
예술의전당 리사이틀홀,창단 25주년 기념 앙상블 프리즈마 정기연주회,대관,2018-10-30,2018-10-30,270
예술의전당 콘서트홀,2018 예술의전당 대학오케스트라축제 - 서울대학교,기획,2018-10-30,2018-10-30,1388
예술의전당 IBK챔버홀,2018 문화가 있는 날 SAC 아티스트 라운지(10월),기획,2018-10-31,2018-10-31,534
예술의전당 리사이틀홀,Sergey Akimov 이민지 듀오 Series II,대관,2018-10-31,2018-10-31,106
예술의전당 서울서예박물관,2018대한민국서예전람회 초대작가전,대관,2018-10-31,2018-11-06,1789
예술의전당 오페라극장,국립발레단  마타 하리,대관,2018-10-31,2018-11-04,7555
예술의전당 콘서트홀,2018 예술의전당 대학오케스트라축제 - 한국예술종합학교,기획,2018-10-31,2018-10-31,579
예술의전당 IBK챔버홀,전지훈 베토벤 피아노 소나타 전곡 연주 시리즈 IV,대관,2018-11-01,2018-11-01,293
예술의전당 리사이틀홀,현대음악앙상블 소리 2018 기획연주회,대관,2018-11-01,2018-11-01,153
예술의전당 콘서트홀,2018 예술의전당 대학오케스트라축제 - 경희대학교,기획,2018-11-01,2018-11-01,786
예술의전당 IBK챔버홀,대건챔버콰이어 제19회 정기연주회,대관,2018-11-02,2018-11-02,499
예술의전당 리사이틀홀,수원대학교 음악대학 교수음악회,대관,2018-11-02,2018-11-02,288
예술의전당 콘서트홀,안드라스 쉬프＆상트 페테르부르크 필하모닉 오케스트라와 함께하는 신세계 클래식 페스티벌,대관,2018-11-02,2018-11-02,1795
예술의전당 IBK챔버홀,김홍박 호른 리사이틀,대관,2018-11-03,2018-11-03,288
예술의전당 IBK챔버홀,서울국제음악제 독일- 다니엘 뮐러-쇼트 첼로 리사이틀,대관,2018-11-03,2018-11-03,526
예술의전당 리사이틀홀,제19회 음악영재 가을콘서트,기획,2018-11-03,2018-11-03,475
예술의전당 콘서트홀,취리히 톤할레 오케스트라,대관,2018-11-03,2018-11-03,2187
예술의전당 한가람디자인미술관,슬로우퍼니처 '아지트' - 당신의 방은 어디인가요?,대관,2018-11-03,2018-11-14,3513
예술의전당 한가람미술관,2018 목우미술제,대관,2018-11-03,2018-11-09,3665
예술의전당 한가람미술관,소목장 박명배 목가구전,대관,2018-11-03,2018-11-12,5642
예술의전당 IBK챔버홀,사)한국페스티발앙상블 제66회정기연주회,대관,2018-11-04,2018-11-04,383
예술의전당 IBK챔버홀,"서울국제음악제 핀란드- 랄프고토니,「사라져버린 남자의 일기」",대관,2018-11-04,2018-11-04,375
예술의전당 리사이틀홀,김남호 튜바 독주회,대관,2018-11-04,2018-11-04,185
예술의전당 리사이틀홀,형수운 피아노 독주회,대관,2018-11-04,2018-11-04,77
예술의전당 콘서트홀,2018 예술의전당 대학오케스트라축제 - 연세대학교,기획,2018-11-04,2018-11-04,822
예술의전당 CJ 토월극장,연극 <인형의 집>,기획,2018-11-06,2018-11-25,8889
예술의전당 IBK챔버홀,서울국제음악제 미국- 상하이 콰르텟,대관,2018-11-06,2018-11-06,366
예술의전당 리사이틀홀,프로젝트21앤드 제6회 정기연주회,대관,2018-11-06,2018-11-06,185
예술의전당 콘서트홀,2018 예술의전당 대학오케스트라축제 - 숙명여자대학교,기획,2018-11-06,2018-11-06,752
예술의전당 IBK챔버홀,서울국제음악제 프랑스- 프라드 파블로 카잘스 페스티벌,대관,2018-11-07,2018-11-07,241
예술의전당 리사이틀홀,2018 ACL-Korea 뉴뮤직 콘서트,대관,2018-11-07,2018-11-07,79
예술의전당 자유소극장,연극 <어둠상자>,기획,2018-11-07,2018-12-02,3422
예술의전당 콘서트홀,2018 예술의전당 대학오케스트라축제 - 한양대학교,기획,2018-11-07,2018-11-07,1186
예술의전당 IBK챔버홀,IBK기업은행과 함께하는 사랑 그리고 나눔,대관,2018-11-08,2018-11-08,442
예술의전당 리사이틀홀,제16회 한국예술가곡연합회 신작가곡 연주회,대관,2018-11-08,2018-11-08,239
예술의전당 콘서트홀,2018 예술의전당 대학오케스트라축제 - 계명대학교,기획,2018-11-08,2018-11-08,1083
예술의전당 콘서트홀,한화생명과 함께하는 예술의전당 11시콘서트(11월),기획,2018-11-08,2018-11-08,1814
예술의전당 한가람디자인미술관,2018 세계한민족미술대축제,대관,2018-11-08,2018-11-14,2294
예술의전당 IBK챔버홀,서울국제음악제 러시아- 일리야 그린골츠와 피터 라울,대관,2018-11-09,2018-11-09,344
예술의전당 리사이틀홀,(사)한국여성작곡가회 제67회 정기작품발표회,대관,2018-11-09,2018-11-09,171
예술의전당 콘서트홀,서울시향 2018 비욘드 더 스코어(Beyond the Score): 셰헤라자데,대관,2018-11-09,2018-11-09,1050
예술의전당 IBK챔버홀,올림푸스와 함께하는“올림# 콘서트”,기획,2018-11-10,2018-11-10,456
예술의전당 IBK챔버홀,엘뮤직그룹 창작음악시리즈 THE CREATION,대관,2018-11-10,2018-11-10,59
예술의전당 리사이틀홀,클라리넷티스트 양송희 창작곡 리사이틀,대관,2018-11-10,2018-11-10,209
예술의전당 리사이틀홀,"서울국제음악제 대한민국- 실내악의 명가, 앙상블오푸스",대관,2018-11-10,2018-11-10,300
예술의전당 콘서트홀,기아자동차와 함께하는 서울시향의 비욘드 더 스코어:셰헤라자데,대관,2018-11-10,2018-11-10,1171
예술의전당 IBK챔버홀,위 솔로이스츠 제19회 정기연주회,대관,2018-11-11,2018-11-11,229
예술의전당 IBK챔버홀,"훔멜, 잊혀진 로코코의 마지막 환희",대관,2018-11-11,2018-11-11,178
예술의전당 리사이틀홀,송정민 클라리넷 독주회,대관,2018-11-11,2018-11-11,131
예술의전당 콘서트홀,세계 초연 독도의 사계,대관,2018-11-11,2018-11-11,1100
예술의전당 한가람미술관,2018 대한민국 회화제 (30주년 기념전),대관,2018-11-12,2018-11-19,3030
예술의전당 IBK챔버홀,로마 오페라단 정기연주회,대관,2018-11-13,2018-11-13,495
예술의전당 리사이틀홀,이보연 바이올린 독주회,대관,2018-11-13,2018-11-13,143
예술의전당 콘서트홀,한국남성합창단 창단 60주년 기념 정기연주회,대관,2018-11-13,2018-11-13,2241
예술의전당 한가람미술관,제52회 한국미술협회전,대관,2018-11-13,2018-11-19,2955
예술의전당 IBK챔버홀,음연초청 임종필 피아노 독주회,대관,2018-11-14,2018-11-14,308
예술의전당 리사이틀홀,베토벤 바이올린 소나타 전곡시리즈 Ⅱ,대관,2018-11-14,2018-11-14,194
예술의전당 오페라극장,니벨룽의 반지_라인의 황금,대관,2018-11-14,2018-11-18,7538
예술의전당 콘서트홀,2018 토요타 클래식,대관,2018-11-14,2018-11-14,1391
예술의전당 IBK챔버홀,콰르텟 21 제51회 정기연주회,대관,2018-11-15,2018-11-15,358
예술의전당 리사이틀홀,아니마 체임버 앙상블의 실내악 음악회,대관,2018-11-15,2018-11-15,141
예술의전당 콘서트홀,산타 체칠리아 오케스트라 & 안토니오 파파노 (협연: 다닐 트리포노프),대관,2018-11-15,2018-11-15,1898
예술의전당 한가람미술관,이석보 개인전,대관,2018-11-15,2018-11-23,6743
예술의전당 IBK챔버홀,2018 클래식 스타 시리즈 - 피아노 손민수,기획,2018-11-16,2018-11-16,418
예술의전당 콘서트홀,산타 체칠리아 오케스트라 & 안토니오 파파노 (협연: 조성진),대관,2018-11-16,2018-11-16,2387
예술의전당 IBK챔버홀,디 앙상블 제10회 정기연주회,대관,2018-11-17,2018-11-17,189
예술의전당 IBK챔버홀,화음쳄버오케스트라 41회 정기연주회,대관,2018-11-17,2018-11-17,466
예술의전당 리사이틀홀,성해린 귀국 피아노 독주회,대관,2018-11-17,2018-11-17,191
예술의전당 콘서트홀,제10회ARKO한국창작음악제,대관,2018-11-17,2018-11-17,1236
예술의전당 콘서트홀,신세계와 함께하는 2018 예술의전당 토요콘서트(11월),기획,2018-11-17,2018-11-17,1347
예술의전당 한가람디자인미술관,바람의 연주,대관,2018-11-17,2018-11-24,1178
예술의전당 한가람디자인미술관,"이정아, 허은만, 장세실리아 3인전 - 뷰티 인 그레이스",대관,2018-11-17,2018-11-25,1533
예술의전당 한가람디자인미술관,2018 한·중·일 장애인 미술교류전,대관,2018-11-17,2018-11-24,1390
예술의전당 IBK챔버홀,김소진 바이올린 리사이틀,대관,2018-11-18,2018-11-18,417
예술의전당 IBK챔버홀,"김수연, 임동혁 Grand Duo 콘서트",대관,2018-11-18,2018-11-18,421
예술의전당 리사이틀홀,임경원 첼로 독주회,대관,2018-11-18,2018-11-18,223
예술의전당 리사이틀홀,양정윤 바이올린 독주회,대관,2018-11-18,2018-11-18,241
예술의전당 콘서트홀,김자경오페라단 50주년 기념 오페라갈라콘서트,대관,2018-11-18,2018-11-18,967
예술의전당 IBK챔버홀,피아니스트 김태형 THE PORTRAIT,대관,2018-11-20,2018-11-20,331
예술의전당 리사이틀홀,이형규 오보에 독주회,대관,2018-11-20,2018-11-20,122
예술의전당 콘서트홀,The Pianists Series 2  샤를 리샤르 아믈랭,대관,2018-11-20,2018-11-20,921
예술의전당 IBK챔버홀,앙상블 ARIATTI 2018 정기연주회,대관,2018-11-21,2018-11-21,309
예술의전당 리사이틀홀,목혜진 첼로 독주회,대관,2018-11-21,2018-11-21,164
예술의전당 콘서트홀,KBS교향악단 제736회 정기연주회,대관,2018-11-21,2018-11-21,1404
예술의전당 IBK챔버홀,원전악기로 듣는 바흐 가문의 재조명,대관,2018-11-22,2018-11-22,368
예술의전당 리사이틀홀,한중 문화 교류 초청 음악회,대관,2018-11-22,2018-11-22,102
예술의전당 콘서트홀,글로벌비전과 함께하는 나눔콘서트,대관,2018-11-22,2018-11-22,1231
예술의전당 한가람미술관,AD EIN KETZ,대관,2018-11-22,2018-11-29,2579
예술의전당 한가람미술관,수곡(守谷) 손대현 옻칠전,대관,2018-11-22,2018-11-29,2756
예술의전당 IBK챔버홀,"김세일, 손민수 듀오 <아름다운 물방앗간 아가씨>",대관,2018-11-23,2018-11-23,249
예술의전당 리사이틀홀,김나연 귀국 바로크 바이올린 독주회,대관,2018-11-23,2018-11-23,142
예술의전당 오페라극장,루치아 디 람메르무어,대관,2018-11-23,2018-11-25,3418
예술의전당 콘서트홀,코리안심포니오케스트라의 러시안 나잇,대관,2018-11-23,2018-11-23,1690
예술의전당 한가람미술관,선과색 아트페어 Do it Reverse,대관,2018-11-23,2018-11-29,1988
예술의전당 IBK챔버홀,KCO 트로이카콘서트 시리즈 21,대관,2018-11-24,2018-11-24,467
예술의전당 IBK챔버홀,국립합창단 제19회 데뷔콘서트,대관,2018-11-24,2018-11-24,473
예술의전당 리사이틀홀,이상은 플루트 독주회,대관,2018-11-24,2018-11-24,162
예술의전당 리사이틀홀,이지은 비올라 독주회,대관,2018-11-24,2018-11-24,178
예술의전당 콘서트홀,"Becoming Winter, 가곡콘서트",대관,2018-11-24,2018-11-24,2268
예술의전당 IBK챔버홀,쇼팽 VS 리스트,대관,2018-11-25,2018-11-25,567
예술의전당 IBK챔버홀,에라토 앙상블이 함께하는 Together with Raphael,대관,2018-11-25,2018-11-25,393
예술의전당 리사이틀홀,윤소영 피아노 독주회,대관,2018-11-25,2018-11-25,221
예술의전당 리사이틀홀,박재현 바이올린 독주회,대관,2018-11-25,2018-11-25,279
예술의전당 콘서트홀,김대진 피아노 독주회,대관,2018-11-25,2018-11-25,1289
예술의전당 한가람미술관,조선목가구  재현 재창조,대관,2018-11-25,2018-12-04,4850
예술의전당 IBK챔버홀,제72회 서울오라토리오 정기연주회 피아노 트리오 케루빔,대관,2018-11-27,2018-11-27,341
예술의전당 리사이틀홀,이의진 피아노 독주회,대관,2018-11-27,2018-11-27,77
예술의전당 한가람디자인미술관,현실의 반영과 변형,대관,2018-11-27,2018-12-04,1395
예술의전당 한가람디자인미술관,"이명순, 박희숙, 윤경 3인전 - 뷰티인그레이스",대관,2018-11-27,2018-12-05,1788
예술의전당 한가람디자인미술관,Life in the Textile,대관,2018-11-27,2018-12-04,1355
예술의전당 IBK챔버홀,2018 문화가 있는 날 SAC 아티스트 라운지(11월),기획,2018-11-28,2018-11-28,535
예술의전당 리사이틀홀,2018 대한민국실내악작곡제전 V,대관,2018-11-28,2018-11-28,192
예술의전당 콘서트홀,"Russian Beauty : 차이콥스키, 글라주노프 그리고 라흐마니노프",대관,2018-11-28,2018-11-28,1659
예술의전당 IBK챔버홀,제 6회 실내악스케치,대관,2018-11-29,2018-11-29,296
예술의전당 리사이틀홀,2018 이재영 색소폰 독주회,대관,2018-11-29,2018-11-29,118
예술의전당 콘서트홀,주빈 메타 ＆ 바이에른 방송교향악단,대관,2018-11-29,2018-11-29,2163
예술의전당 CJ 토월극장,국립현대무용단 -  쓰리 스트라빈스키,대관,2018-11-30,2018-12-02,2116
예술의전당 IBK챔버홀,하비에르와 함께하는 기쁨나눔음악회 5,대관,2018-11-30,2018-11-30,539
예술의전당 리사이틀홀,"바이올리니스트 김은영, 첼리스트 배기정의 투 스트링스 Part II",대관,2018-11-30,2018-11-30,142
예술의전당 콘서트홀,주빈 메타 ＆ 바이에른 방송교향악단 (협연 : 예프게니 키신),대관,2018-11-30,2018-11-30,2253
예술의전당 IBK챔버홀,바이올린 가이즈 WITH 고상지,대관,2018-12-01,2018-12-01,578
예술의전당 IBK챔버홀,제42회 서울대OB합창단 정기연주회,대관,2018-12-01,2018-12-01,307
예술의전당 리사이틀홀,이은서 피아노 독주회,대관,2018-12-01,2018-12-01,220
예술의전당 리사이틀홀,허희정 바이올린 독주회 十二支,대관,2018-12-01,2018-12-01,243
예술의전당 콘서트홀,사랑과 희망의 하모니,대관,2018-12-01,2018-12-01,1470
예술의전당 IBK챔버홀,하트 투 하트 콘서트,대관,2018-12-02,2018-12-02,506
예술의전당 IBK챔버홀,피바디 스트링스 제4회 정기연주회,대관,2018-12-02,2018-12-02,230
예술의전당 리사이틀홀,정승연 첼로 독주회,대관,2018-12-02,2018-12-02,168
예술의전당 한가람미술관,제 63 회 창작미술협회전,대관,2018-12-02,2018-12-09,2721
예술의전당 한가람미술관,제3회 불교미술 일섭문도전 2018 불모들의 향연,대관,2018-12-02,2018-12-09,2842
예술의전당 IBK챔버홀,The Pianists Series 3  안나 페도로바  리사이틀,대관,2018-12-04,2018-12-04,349
예술의전당 리사이틀홀,이은미 바이올린 리사이틀,대관,2018-12-04,2018-12-04,169
예술의전당 IBK챔버홀,코리안 솔로이스츠 정기연주회,대관,2018-12-05,2018-12-05,265
예술의전당 리사이틀홀,작곡동인 소리목 제39회 정기연주회,대관,2018-12-05,2018-12-05,75
예술의전당 서울서예박물관,같고도 다른 : 치바이스와 대화,기획,2018-12-05,2019-02-17,14399
예술의전당 콘서트홀,창단41주년 코리아필하모니오케스트라 정기연주회,대관,2018-12-05,2018-12-05,1364
예술의전당 CJ 토월극장,크누아 오페라 정기공연 '박쥐',대관,2018-12-06,2018-12-07,1525
예술의전당 IBK챔버홀,김희재 피아노 독주회,대관,2018-12-06,2018-12-06,218
예술의전당 리사이틀홀,임선영 비올라 독주회,대관,2018-12-06,2018-12-06,109
예술의전당 오페라극장,오페라 <라보엠>,대관,2018-12-06,2018-12-09,5620
예술의전당 콘서트홀,DG120주년 기념 갈라 콘서트 (협연: 조성진),대관,2018-12-06,2018-12-06,2352
예술의전당 한가람미술관,이매진 _ 존 레논 展,대관,2018-12-06,2019-03-10,70464
예술의전당 한가람미술관,"창조적 긴장, 나무의 숨결 따라!",대관,2018-12-06,2018-12-13,2804
예술의전당 IBK챔버홀,콰르텟 솔 정기연주회,대관,2018-12-07,2018-12-07,281
예술의전당 리사이틀홀,기주희 바이올린 독주회,대관,2018-12-07,2018-12-07,215
예술의전당 자유소극장,국립현대무용단 -댄서하우스 2018-,대관,2018-12-07,2018-12-09,587
예술의전당 콘서트홀,DG120주년 기념 갈라 콘서트 (협연 : 안네 소피 무터),대관,2018-12-07,2018-12-07,2060
예술의전당 한가람미술관,행복을 그리는 화가 - 에바알머슨전,대관,2018-12-07,2019-03-31,202441
예술의전당 IBK챔버홀,네오 색소폰 콰르텟 제6회 정기연주회,대관,2018-12-08,2018-12-08,306
예술의전당 리사이틀홀,& Duo의 아름다운 시리즈2,대관,2018-12-08,2018-12-08,221
예술의전당 리사이틀홀,고유림 귀국 비올라 독주회,대관,2018-12-08,2018-12-08,114
예술의전당 콘서트홀,국립합창단 제175회 정기연주회 헨델의 메시아,대관,2018-12-08,2018-12-08,2128
예술의전당 CJ 토월극장,웅산 정규 9집 앨범 발매 콘서트 I am Alright,대관,2018-12-09,2018-12-09,843
예술의전당 IBK챔버홀,최정은 첼로 독주회,대관,2018-12-09,2018-12-09,255
예술의전당 IBK챔버홀,챔버 뮤직 투데이 2018,대관,2018-12-09,2018-12-09,398
예술의전당 리사이틀홀,이 훈 피아노 독주회,대관,2018-12-09,2018-12-09,252
예술의전당 리사이틀홀,유효정 바이올린 독주회,대관,2018-12-09,2018-12-09,187
예술의전당 콘서트홀,KCO 2018 송년음악회,대관,2018-12-09,2018-12-09,1075
예술의전당 리사이틀홀,이원식 바이올린 독주회,대관,2018-12-11,2018-12-11,176
예술의전당 콘서트홀,서울모테트합창단 창단 30주년 기념 마스터피스 시리즈 II 헨델의 메시아,대관,2018-12-11,2018-12-11,1678
예술의전당 IBK챔버홀,앙리 마티스의 음악적 영감,대관,2018-12-12,2018-12-12,543
예술의전당 리사이틀홀,강보라 바이올린 독주회,대관,2018-12-12,2018-12-12,187
예술의전당 한가람미술관,일상의 예술 2018,대관,2018-12-12,2018-12-19,7145
예술의전당 CJ 토월극장,송정미 30주년 콘서트 The Voice,대관,2018-12-13,2018-12-16,3151
예술의전당 IBK챔버홀,2018 클래식 스타 시리즈 - 바이올린 임지영 & 피아노 문지영,기획,2018-12-13,2018-12-13,444
예술의전당 리사이틀홀,Trio de Seoul 정기연주회,대관,2018-12-13,2018-12-13,178
예술의전당 콘서트홀,With POSCO Concert,대관,2018-12-13,2018-12-13,1648
예술의전당 콘서트홀,한화생명과 함께하는 예술의전당 11시콘서트(12월),기획,2018-12-13,2018-12-13,1915
예술의전당 한가람미술관,ONE. ZONE. E.,대관,2018-12-13,2018-12-19,5665
예술의전당 IBK챔버홀,트리오 콘 브리오 코펜하겐 12월의 프로포즈,대관,2018-12-14,2018-12-14,353
예술의전당 리사이틀홀,한소라 바이올린 독주회,대관,2018-12-14,2018-12-14,134
예술의전당 IBK챔버홀,플루티 앙상블 제13회 정기연주회,대관,2018-12-15,2018-12-15,465
예술의전당 IBK챔버홀,NVH코리아와 함께 하는 제14회 프렌즈오브뮤직 음악회,대관,2018-12-15,2018-12-15,471
예술의전당 리사이틀홀,정재원 피아노 독주회,대관,2018-12-15,2018-12-15,267
예술의전당 리사이틀홀,홍혜도 피아노 독주회  Bach＆Schubert 2,대관,2018-12-15,2018-12-15,98
예술의전당 오페라극장,2018 예술의전당&국립발레단〈호두까기인형〉,기획,2018-12-15,2018-12-25,27261
예술의전당 콘서트홀,가자! 산타마을로!,기획,2018-12-15,2018-12-15,1508
예술의전당 콘서트홀,신세계와 함께하는 2018 예술의전당 토요콘서트(12월),기획,2018-12-15,2018-12-15,1962
예술의전당 IBK챔버홀,아오이데 트리오 연주회,대관,2018-12-16,2018-12-16,324
예술의전당 IBK챔버홀,올 댓 클래즈 - 메리 크리스마스,대관,2018-12-16,2018-12-16,426
예술의전당 리사이틀홀,이석준 호른 독주회,대관,2018-12-16,2018-12-16,331
예술의전당 리사이틀홀,이지연 플루트 독주회,대관,2018-12-16,2018-12-16,89
예술의전당 콘서트홀,제 11회 한미친선송년음악회,대관,2018-12-16,2018-12-16,1948
예술의전당 한가람미술관,오대양 육대주 열한 개 길 가다,대관,2018-12-16,2018-12-23,1470
예술의전당 IBK챔버홀,카로스 타악기 앙상블 정기연주회,대관,2018-12-18,2018-12-18,503
예술의전당 리사이틀홀,슈베르트 서거 190주년 기념 김보경 피아노 독주회,대관,2018-12-18,2018-12-18,217
예술의전당 자유소극장,창작가무극 금란방,대관,2018-12-18,2018-12-30,3411
예술의전당 IBK챔버홀,주희성 & 노예진 피아노 듀오 콘서트,대관,2018-12-19,2018-12-19,204
예술의전당 리사이틀홀,채경주 피아노 독주회,대관,2018-12-19,2018-12-19,103
예술의전당 콘서트홀,2018 파리나무십자가 소년합창단 크리스마스 콘서트(12.19),대관,2018-12-19,2018-12-19,1410
예술의전당 IBK챔버홀,한국현악협회 합주단 제4회 정기연주회,대관,2018-12-20,2018-12-20,479
예술의전당 콘서트홀,2018 파리나무십자가 소년합창단 크리스마스 콘서트(12.20),대관,2018-12-20,2018-12-20,1210
예술의전당 IBK챔버홀,서울 아카데미 앙상블 제87회 정기연주회,대관,2018-12-21,2018-12-21,394
예술의전당 콘서트홀,서울시향 2018 티에리 피셔의 합창+①,대관,2018-12-21,2018-12-21,2092
예술의전당 한가람디자인미술관,에르제 : 땡땡 전,대관,2018-12-21,2019-04-03,90466
예술의전당 IBK챔버홀,KCO 바이올린 콰르텟 창단연주회,대관,2018-12-22,2018-12-22,256
예술의전당 IBK챔버홀,하피스트 곽정의 크리스마스 콘서트,대관,2018-12-22,2018-12-22,530
예술의전당 리사이틀홀,이상정 피아노 독주회,대관,2018-12-22,2018-12-22,109
예술의전당 리사이틀홀,양고우니 피아노 독주회,대관,2018-12-22,2018-12-22,125
예술의전당 콘서트홀,서울시향 2018 티에리 피셔의 합창+②,대관,2018-12-22,2018-12-22,2090
예술의전당 IBK챔버홀,크리스마스 지브리 탱고,대관,2018-12-23,2018-12-23,1136
예술의전당 리사이틀홀,피아니스트 정보람의 Finding Music,대관,2018-12-23,2018-12-23,295
예술의전당 콘서트홀,디즈니 필름 콘서트 겨울왕국,대관,2018-12-23,2018-12-23,1874
예술의전당 IBK챔버홀,제 18회 론 브랜튼의 <재즈 크리스마스!>,대관,2018-12-25,2018-12-25,570
예술의전당 리사이틀홀,왕혜진 첼로 독주회,대관,2018-12-25,2018-12-25,239
예술의전당 콘서트홀,슈퍼히어로와 함께하는 크리스마스 콘서트,대관,2018-12-25,2018-12-25,2202
예술의전당 한가람미술관,제2회 서울 뷰티인그레이스 글로벌 아트페어,대관,2018-12-25,2019-01-01,6873
예술의전당 IBK챔버홀,2018 문화가 있는 날 SAC 아티스트 라운지(12월),기획,2018-12-26,2018-12-26,508
예술의전당 리사이틀홀,피아니스트 유서진의 The Delicious Piano  III,대관,2018-12-26,2018-12-26,220
예술의전당 콘서트홀,2018 크리스마스 콘서트 <유키 구라모토와 친구들>,대관,2018-12-26,2018-12-26,1671
예술의전당 IBK챔버홀,서울 이무지치 챔버 앙상블 정기연주회,대관,2018-12-27,2018-12-27,406
예술의전당 리사이틀홀,최재원 바이올린 독주회,대관,2018-12-27,2018-12-27,168
예술의전당 콘서트홀,제35회 한국오페라70주년기념 쏠리스트앙상블 송년음악회,대관,2018-12-27,2018-12-27,1731
예술의전당 IBK챔버홀,이은준 플루트 독주회,대관,2018-12-28,2018-12-28,364
예술의전당 리사이틀홀,이지윤 비올라 독주회,대관,2018-12-28,2018-12-28,157
예술의전당 콘서트홀,KBS교향악단 제737회 정기연주회,대관,2018-12-28,2018-12-28,1973
예술의전당 한가람미술관,피카소와 큐비즘,대관,2018-12-28,2019-03-31,116641
예술의전당 IBK챔버홀,서울솔리스트 첼로앙상블 제24회 정기연주회,대관,2018-12-29,2018-12-29,468
예술의전당 리사이틀홀,이상희 바이올린 독주회,대관,2018-12-29,2018-12-29,233
예술의전당 리사이틀홀,2018 음악춘추 우수신인데뷔연주회,대관,2018-12-29,2018-12-29,167
예술의전당 콘서트홀,리처드 용재 오닐 : 선물,대관,2018-12-29,2018-12-29,2286
예술의전당 IBK챔버홀,2018 PLUS Chamber Group 송년음악회,대관,2018-12-30,2018-12-30,507
예술의전당 IBK챔버홀,바로크 오케스트라 <바로크in모던> 송년음악회,대관,2018-12-30,2018-12-30,530
예술의전당 리사이틀홀,소블리스 트리오의 보석 상자 V,대관,2018-12-30,2018-12-30,199
예술의전당 리사이틀홀,김수현 노선영 피아노 두오 리사이틀,대관,2018-12-30,2018-12-30,173
예술의전당 콘서트홀,2018 우리은행과 함께하는 예술의전당 제야음악회,기획,2018-12-31,2018-12-31,2211
예술의전당 오페라극장,뮤지컬 라이온 킹 인터내셔널 투어 (Musical The Lion King),대관,2019-01-09,2019-03-28,186245
